year,state,sfip,pop_w_m_20-64,pop_w_m_65o,pop_w_m_U20,pop_w_f_20-64,pop_w_f_65o,pop_w_f_U20,pop_b_m_20-64,pop_b_m_65o,pop_b_m_U20,pop_b_f_20-64,pop_b_f_65o,pop_b_f_U20,pop_n_m_20-64,pop_n_m_65o,pop_n_m_U20,pop_n_f_20-64,pop_n_f_65o,pop_n_f_U20,population
2007,AK,02,171028,18155,68524,150761,18401,63544,9279,516,6062,7433,593,5709,44022,4298,31278,45526,5643,29528,680300
2007,AL,01,999001,214895,429219,1001590,289418,406510,331227,42515,205294,393365,70271,201195,28236,2131,13047,29352,2840,12734,4672840
2007,AR,05,684762,155676,309334,684155,202853,292172,120179,14048,81089,136173,22772,79172,19975,1516,10713,21592,1952,10517,2848650
2007,AZ,04,1559399,342939,763173,1551904,412116,724874,83676,7068,54266,74236,8708,50583,149471,13531,97160,160925,18605,95047,6167681
2007,CA,06,8482804,1368438,4106272,8179749,1799180,3895893,766404,91368,443349,785704,128391,424153,1743936,238659,794155,1925425,321200,755231,36250311
2007,CO,08,1372667,204763,601866,1336539,262682,567969,69397,6020,41499,60654,7904,39272,69721,5581,35921,76486,8009,36918,4803868
2007,CT,09,882990,184032,384852,903124,259990,364325,107289,11459,69624,121977,17916,66375,48994,3751,22662,50801,4392,22717,3527270
2007,DC,11,87779,9840,16996,85290,11404,17337,86860,15918,43211,104323,27460,43722,8241,638,1972,10228,972,2213,574404
2007,DE,10,190926,44411,79570,196234,57393,76572,51424,6183,33253,60293,8861,32601,10590,1056,4938,11298,1301,4845,871749
2007,FL,12,4311847,1236774,1702031,4351908,1539982,1608443,831464,95323,532194,916255,137612,516176,179038,19033,81551,203641,24452,80118,18367842
2007,GA,13,1887409,309922,843422,1850170,415670,795379,787662,71856,496915,929256,119495,486741,112370,8126,54734,119085,9918,51858,9349988
2007,HI,15,124415,21547,27835,101412,22673,25727,12287,659,6161,7581,474,5660,271192,56449,137945,285715,77772,130171,1315675
2007,IA,19,831384,182817,384063,821781,252230,365257,25496,1824,22412,21839,2487,20772,20887,1221,11085,20808,1604,11245,2999212
2007,ID,16,420160,79070,223734,411701,94005,212579,3991,179,3487,2549,147,3275,14338,1298,8721,15549,1662,8660,1505105
2007,IL,17,3060746,550365,1375517,3018804,769224,1303687,509030,67661,339516,598236,107112,329602,211516,21200,92738,223860,26822,90230,12695866
2007,IN,18,1679719,313495,786421,1678050,433101,746536,160113,18696,115583,177792,28421,111728,41321,2693,20104,42275,3502,20049,6379599
2007,KS,20,732171,146047,354121,726908,198044,335368,51565,5175,36376,49003,7702,33991,32621,2427,17577,34228,3117,17344,2783785
2007,KY,21,1160756,219067,510377,1173779,298301,484343,99749,10611,61251,100508,16778,58164,19924,1382,9345,20898,1907,9532,4256672
2007,LA,22,876348,171340,365789,869139,229381,349103,380180,45999,245373,428699,71673,239472,33145,2979,15303,33252,3624,14782,4375581
2007,MA,25,1663586,328586,693044,1730547,473076,663190,140473,13554,88892,154505,21256,85313,117940,10765,53066,126922,12946,53898,6431559
2007,MD,24,1094298,208478,458077,1100701,283571,433766,475488,54588,273891,568919,84918,266400,107833,12257,48389,120026,14741,47067,5653408
2007,ME,23,386555,84428,157582,397104,111719,148440,4747,274,4595,3264,290,4169,6737,534,3791,7888,759,4164,1327040
2007,MI,26,2449589,489019,1095666,2442263,654782,1039425,393655,50179,265928,448617,77734,256315,102441,8831,54941,107702,10693,53504,10001284
2007,MN,27,1418034,266789,615252,1399362,354205,586381,77575,3938,63062,73048,5273,59540,79243,5211,55548,83704,6896,54142,5207203
2007,MO,29,1491666,311784,669984,1505577,417869,636809,187259,22103,128791,213869,36154,124278,43610,3783,21139,47074,4652,21211,5887612
2007,MS,28,536351,114739,234236,528700,156936,221325,287062,34026,193664,333650,54827,189267,13111,996,7094,14078,1432,6856,2928350
2007,MT,30,271351,60051,112427,263359,71533,105718,1963,110,1728,1097,102,1460,19333,1793,15011,20676,2426,14568,964706
2007,NC,37,2043041,396051,877124,2052865,535198,828850,551446,67591,335078,643946,111588,326011,105132,8031,57230,112153,10830,55872,9118037
2007,ND,38,186034,39714,76342,173478,52909,71874,2844,75,2023,1730,71,1795,11769,804,9151,12363,1155,8691,652822
2007,NE,31,483713,97551,229212,475812,132527,218381,24059,2166,18542,23590,3100,17608,16273,993,10825,17395,1385,10308,1783440
2007,NH,33,385693,71145,164671,389840,92697,157101,5622,339,3943,4193,388,3630,10349,710,5081,11173,800,5165,1312540
2007,NJ,34,1970550,399037,866170,1992005,570010,817480,359872,43677,211618,414207,70281,204679,240573,23977,107263,254239,28537,103710,8677885
2007,NM,35,497499,103514,235272,504844,126878,225469,16568,1738,10133,13361,1961,9595,66628,6834,43962,72232,9848,43734,1990070
2007,NV,32,667144,119568,291005,623467,131669,274834,67717,8033,42344,66350,9339,40183,76330,9337,35542,90960,12810,34440,2601072
2007,NY,36,4222279,853908,1783514,4290385,1208026,1693512,938022,119569,543911,1120381,206345,528574,519324,57876,212422,558860,71824,203603,19132335
2007,OH,39,2905080,590607,1295629,2943634,821229,1233000,384438,52871,265567,432886,81624,255996,74844,6592,33875,79661,8190,34745,11500468
2007,OK,40,867926,185457,379645,860642,244637,359392,85554,8662,57124,85422,12898,54438,117846,12741,82219,123770,16966,79010,3634349
2007,OR,41,1036221,208089,439422,1033458,265086,417377,26267,2164,17459,21257,2624,16432,69805,6604,37039,77779,8735,36599,3722417
2007,PA,42,3174346,726476,1334180,3206292,1023433,1270508,386084,49037,255121,428367,82047,245106,119445,10787,56374,126674,13069,56591,12563937
2007,RI,44,277519,56701,116018,288841,84122,111135,22525,1812,15408,22916,2815,14615,12697,1054,6722,13988,1314,7113,1057315
2007,SC,45,931321,196339,387668,931598,254918,366833,348105,45070,212779,403635,72311,207562,26969,2153,12914,28475,2803,12657,4444110
2007,SD,46,208431,46741,93478,201370,61344,88121,3590,125,2721,1919,130,2597,20146,1508,18233,21092,2201,17876,791623
2007,TN,47,1509058,300606,642778,1525230,405544,608822,287193,30119,184312,330331,50033,180199,38161,2883,18337,40328,3557,18236,6175727
2007,TX,48,5859944,916432,3036599,5797732,1198187,2885407,836121,81149,511177,916961,124945,491765,369882,30135,179972,386377,37249,171949,23831983
2007,UT,49,695023,98896,430085,682102,121047,410643,10739,498,9043,7177,538,8230,35154,2563,23073,36953,3348,22634,2597746
2007,VA,51,1772208,314194,731757,1761873,416763,695316,450191,54566,252083,496345,84305,245766,147499,13483,67053,165421,17080,65097,7751000
2007,VT,50,184576,36339,76877,187443,47529,72221,2081,134,1778,1543,127,1601,3259,263,1636,3922,294,1858,623481
2007,WA,53,1712121,305568,731116,1688581,384554,692326,87834,6617,55668,73437,7543,52283,194636,19742,100485,222455,28909,97712,6461587
2007,WI,55,1540612,305308,658233,1506663,406918,625734,97295,8047,78413,103435,12026,75493,53853,3572,37660,55239,4997,37277,5610775
2007,WV,54,525171,119827,211971,530233,159595,202306,21985,2499,11197,17618,4097,10109,5810,705,2204,5869,752,2104,1834052
2007,WY,56,160047,29061,69728,151039,34287,64595,2160,147,1411,1303,175,1259,5400,472,3674,5806,622,3690,534876
2008,AK,02,173171,19479,67761,151176,19395,62983,9595,524,6185,7372,624,5775,45258,4440,31630,46522,5860,29705,687455
2008,AL,01,1003658,221159,431597,1005289,295185,409648,336430,43470,206175,399390,71717,201995,29397,2354,13709,30491,3059,13483,4718206
2008,AR,05,688070,159818,311037,687019,206332,294570,122049,14504,81121,138028,23265,79408,20838,1610,11287,22389,2037,11172,2874554
2008,AZ,04,1573826,355622,771778,1569111,425422,734195,88458,7495,57376,78481,9262,53545,156069,14394,100066,167433,19969,97860,6280362
2008,CA,06,8526064,1408772,4100966,8223908,1837250,3893386,777117,93561,443111,793809,131025,423731,1794298,250133,813343,1983713,336019,774131,36604337
2008,CO,08,1392193,213562,607648,1356104,271527,573493,71682,6352,42920,62381,8131,40326,72543,6011,37759,79606,8552,38940,4889730
2008,CT,09,884091,189378,381243,903982,264061,361261,109566,11789,70325,124621,18619,66723,50956,3984,23498,53002,4763,23717,3545579
2008,DC,11,90202,10238,17297,88177,11764,17742,86299,15763,42638,103450,27293,42949,8864,695,1975,11592,1032,2266,580236
2008,DE,10,191759,46130,79597,197095,59227,76503,52927,6545,34024,61774,9284,33259,11074,1144,5193,11761,1386,5192,883874
2008,FL,12,4320429,1269041,1697313,4364670,1575124,1606360,849182,100143,537237,935782,143631,520420,184286,20582,83813,210324,26483,82485,18527305
2008,GA,13,1899171,324403,848761,1863018,429053,801510,809856,75485,505095,953468,123720,495004,117991,8862,58235,125205,10815,55191,9504843
2008,HI,15,126277,22555,27707,102724,23456,25766,12576,669,6095,7627,450,5650,274563,57676,138782,288818,79655,131167,1332213
2008,IA,19,834318,185718,384434,824184,253615,365649,26745,1903,23698,22898,2543,21835,21623,1301,11455,21524,1710,11581,3016734
2008,ID,16,426228,82521,227470,418415,97173,215936,4138,199,3648,2603,154,3502,14817,1359,9148,16119,1772,9118,1534320
2008,IL,17,3067786,563069,1368720,3026625,777625,1298838,511574,68741,337462,600212,108987,328255,217707,22656,95786,230995,28439,93561,12747038
2008,IN,18,1684033,322644,787164,1682966,440104,747899,163356,19168,117722,181079,29078,113782,42838,2871,21047,44090,3767,21198,6424806
2008,KS,20,738101,148880,354976,730604,199447,336355,53514,5285,37211,49926,7808,34741,33601,2593,18352,35304,3312,18066,2808076
2008,KY,21,1162174,225736,513212,1179833,303635,487720,100386,10758,62430,101942,17002,59518,20270,1503,9877,21629,2028,10225,4289878
2008,LA,22,880633,175871,369070,873310,233032,351731,389311,47723,249895,440106,74249,243192,34355,3149,15949,34660,3839,15511,4435586
2008,MA,25,1667075,336464,687295,1734830,479240,657313,144387,14266,90516,158804,22132,86935,122027,11380,54827,132109,13692,55675,6468967
2008,MD,24,1092974,215856,453126,1098372,289402,429937,481689,56765,274030,575685,87342,266256,111455,13120,50162,124197,15773,48824,5684965
2008,ME,23,386846,87164,155422,397237,114224,146424,5032,316,4869,3466,300,4522,6968,555,3924,8173,779,4288,1330509
2008,MI,26,2425682,503589,1077182,2423529,666217,1022450,392752,51321,262484,447239,79106,252779,103026,9411,55543,109192,11377,54010,9946889
2008,MN,27,1422925,275012,611236,1403917,361174,583311,80654,4251,65291,76644,5596,62108,82230,5530,57217,86819,7262,55841,5247018
2008,MO,29,1497312,319547,669517,1509872,424585,636703,189836,22600,129419,216335,36752,124781,44854,3965,22029,48755,4886,22168,5923916
2008,MS,28,537077,117473,234907,528877,158714,222351,290359,35046,193991,337750,56542,189528,13659,1059,7280,14608,1482,7103,2947806
2008,MT,30,274097,62397,112840,266052,73366,106047,2100,112,1746,1115,100,1492,19734,1823,15089,21004,2533,14768,976415
2008,NC,37,2076123,412823,890800,2082965,551167,842355,567028,70620,340638,660189,115762,330664,110827,8736,60478,117696,11589,58989,9309449
2008,ND,38,187644,40352,75958,174567,53239,71808,2929,83,2264,1688,81,1949,12192,825,9191,12768,1205,8826,657569
2008,NE,31,486164,99319,229167,478120,133500,218191,24738,2266,19419,24116,3139,18222,16887,1041,11563,18039,1483,11004,1796378
2008,NH,33,386065,73896,162331,390505,95050,154504,5878,372,4102,4394,397,3805,10673,780,5233,11664,863,5394,1315906
2008,NJ,34,1968253,408441,859286,1987543,577380,810805,363355,44552,211157,416860,71532,204240,249593,25812,110740,264054,30188,107299,8711090
2008,NM,35,499565,107025,236377,508236,130135,226119,16789,1775,10394,13578,2043,9762,68337,7161,44661,73968,10235,44502,2010662
2008,NV,32,673267,124378,293850,629670,136156,277923,71024,8397,43893,69343,9946,41597,80521,10151,37548,95656,13990,36320,2653630
2008,NY,36,4229743,869731,1768186,4290253,1219907,1679966,946239,122305,541766,1127045,210763,525749,535260,60994,219371,579074,75569,210515,19212436
2008,OH,39,2899955,604940,1285289,2936194,831680,1223914,388913,53768,267279,437179,82998,257865,76617,7004,35032,81846,8739,36179,11515391
2008,OK,40,871914,189686,381249,865613,247752,361192,85952,8946,57680,86425,13149,55118,120987,13163,84628,126779,17539,81204,3668976
2008,OR,41,1044001,215254,440826,1043870,271645,418801,27222,2261,18223,22121,2715,16844,71986,6979,38461,80449,9190,37900,3768748
2008,PA,42,3179120,739728,1324041,3208251,1030964,1260994,394135,49889,257806,436213,83314,248243,124054,11596,58621,132292,13921,59103,12612285
2008,RI,44,276017,57808,114353,287249,84619,109335,22987,1898,15555,23383,2902,14878,13093,1101,6779,14440,1374,7232,1055003
2008,SC,45,945645,205807,393559,947111,263852,373644,353867,47051,213658,410104,74848,208937,28279,2361,13722,30005,3059,13487,4528996
2008,SD,46,210249,47614,93535,202923,62129,88168,3774,141,2933,1988,146,2816,20668,1569,18405,21560,2276,18230,799124
2008,TN,47,1513925,312707,649322,1538847,415772,615723,290670,30829,185265,335603,50775,181542,39199,3136,19243,41793,3777,19283,6247411
2008,TX,48,5951235,950014,3083326,5891753,1229232,2932339,857301,83897,519968,938382,127329,500275,389201,33186,190975,407368,40330,182928,24309039
2008,UT,49,708863,102946,440532,696628,124937,421097,11166,542,9600,7669,562,8692,36705,2697,24347,38862,3507,23677,2663029
2008,VA,51,1780180,327067,732812,1769309,427875,696218,457054,56254,252798,503573,86350,246501,153557,14426,70365,172304,18402,68451,7833496
2008,VT,50,184402,37776,75778,187314,48592,71230,2221,141,1882,1644,132,1739,3305,277,1647,3890,324,1857,624151
2008,WA,53,1733639,317063,733725,1702921,394617,695353,92345,6860,57479,76286,7698,53880,202605,20976,104377,230673,30279,101455,6562231
2008,WI,55,1544759,313189,655278,1510784,413197,622994,99699,8261,79563,105497,12277,76701,55799,3765,38415,57406,5173,38239,5640996
2008,WV,54,525271,122503,212275,529945,161272,202326,22551,2515,11417,17887,4097,10369,5844,720,2303,6005,807,2203,1840310
2008,WY,56,163230,30100,71039,153418,35095,66175,2091,151,1464,1342,178,1276,5683,499,3804,6003,655,3840,546043
2009,AK,02,172968,20537,68437,153731,20426,63768,9364,548,6359,7689,658,5955,46612,4647,32421,48294,6063,30418,698895
2009,AL,01,1010354,226963,431770,1009951,300143,410021,342011,44372,206278,404641,71714,202231,31006,2556,14469,31975,3293,14190,4757938
2009,AR,05,690358,163745,312213,689900,209470,295896,124148,14639,81152,139855,22808,79605,21966,1730,11879,23532,2191,11756,2896843
2009,AZ,04,1578650,368074,768395,1577633,438232,733063,92259,7926,59938,82370,9830,55697,161270,15241,101493,172642,21143,99298,6343154
2009,CA,06,8583504,1446550,4081861,8285885,1871467,3878243,789049,96719,442803,804451,135404,423298,1843026,262561,832081,2039761,351792,792774,36961229
2009,CO,08,1409300,222929,612527,1375245,280713,577851,74175,6605,44272,64109,8543,41605,75412,6515,39750,82764,9075,40805,4972195
2009,CT,09,886584,193076,376649,905833,266758,356944,112239,12213,71070,127400,19215,67760,52634,4172,24391,55194,5031,24644,3561807
2009,DC,11,94565,10698,18092,93144,12193,18495,87038,15866,41862,103652,27283,42277,9446,707,2126,11334,1053,2397,592228
2009,DE,10,192095,47375,79010,197680,60313,76132,53934,6775,34571,63117,9607,33771,11564,1200,5411,12280,1481,5414,891730
2009,FL,12,4328317,1297727,1686777,4377224,1604737,1599409,867118,104153,537827,955177,148848,520365,189078,21957,85401,216368,28293,83868,18652644
2009,GA,13,1907687,336192,847003,1872554,439771,800973,828610,79521,510566,974592,129772,499948,123049,9666,60796,130463,11735,57948,9620846
2009,HI,15,127242,23824,27659,103612,24426,25850,12709,695,6142,7642,500,5608,276284,59207,139880,291256,81727,132454,1346717
2009,IA,19,837673,187939,384026,827293,254294,365231,28217,2003,24418,23992,2601,22814,22567,1397,11891,22599,1892,12023,3032870
2009,ID,16,429669,85667,228908,422850,100375,217696,4467,195,3787,2843,171,3591,15447,1442,9459,16618,1873,9381,1554439
2009,IL,17,3075826,572905,1360318,3038932,783359,1292398,515052,70063,334929,603871,111030,325881,223486,24380,99096,237841,30269,97142,12796778
2009,IN,18,1688646,329441,784106,1688883,445212,745476,166512,19445,119675,184601,29455,115546,44726,3108,22189,45871,4087,22346,6459325
2009,KS,20,742237,151312,356506,735899,201045,338098,54411,5447,37910,50619,8017,35654,34810,2762,19170,36359,3520,18928,2832704
2009,KY,21,1169217,231008,512512,1181824,307658,487279,103806,10947,63313,103796,17161,60205,21178,1604,10353,22369,2160,10684,4317074
2009,LA,22,891141,180360,369885,879543,236671,352909,398738,49178,251154,449606,75497,244815,36165,3344,16484,36045,4092,16021,4491648
2009,MA,25,1676067,343287,681708,1745011,483707,651906,148635,14921,91898,163750,23173,88132,126362,12105,56771,137966,14493,57721,6517613
2009,MD,24,1097156,220214,449230,1101428,293074,426719,489064,59199,274147,584346,91803,266085,115464,13960,51953,129063,16733,50750,5730388
2009,ME,23,385913,89582,152868,396459,115994,144028,5342,341,5101,3717,308,4643,7144,589,4016,8296,856,4393,1329590
2009,MI,26,2410826,514323,1058208,2410750,674307,1004929,392806,52593,258938,446981,80367,249416,103580,9998,55981,110681,12035,54872,9901591
2009,MN,27,1426826,281801,608494,1409390,366502,579928,83755,4544,66959,79926,6019,63547,84966,5841,58059,90078,7782,56786,5281203
2009,MO,29,1504714,326847,667989,1516468,430035,635334,193447,23201,129734,219201,37396,125208,46098,4221,22816,50206,5276,22897,5961088
2009,MS,28,537305,120499,233974,528554,161185,221749,292962,35654,193676,341459,55902,189068,14123,1123,7458,15206,1605,7272,2958774
2009,MT,30,275581,64351,112415,267702,74780,105791,2196,122,1798,1156,97,1548,20197,1937,15263,21478,2640,14930,983982
2009,NC,37,2092316,427908,897761,2106210,566062,849261,578665,73045,345362,675213,117880,334893,115318,9404,63286,122727,12351,61904,9449566
2009,ND,38,189958,40867,76133,176667,53374,72014,3277,81,2383,2104,80,2069,12399,900,9296,13102,1270,8994,664968
2009,NE,31,489602,101434,229754,481742,134468,219315,25714,2329,19830,24741,3164,18618,17682,1141,11578,18698,1596,11277,1812683
2009,NH,33,385983,76155,159291,391196,96597,151762,6115,390,4174,4565,378,3908,10864,813,5442,11984,936,5549,1316102
2009,NJ,34,1972717,413547,852472,1992026,580657,804569,367253,45624,210968,421931,73872,203884,257589,27499,114427,273261,32422,110884,8755602
2009,NM,35,504035,110216,238067,511752,133671,228058,17506,1873,10758,13973,2117,10049,70345,7542,45222,76142,10798,44678,2036802
2009,NV,32,673955,128894,294146,631470,141203,279040,73465,8717,44759,71489,10598,42398,83340,10875,38896,98977,14936,37507,2684665
2009,NY,36,4244473,880884,1752921,4302003,1226319,1665638,957031,125739,538660,1138493,215728,523100,551198,64131,225409,599405,79409,216525,19307066
2009,OH,39,2899680,615122,1273864,2935654,837683,1213735,394527,54497,267494,442168,83870,258850,78040,7416,36238,83639,9135,37284,11528896
2009,OK,40,879963,194153,384453,872554,251042,364613,88076,9171,58858,88076,13292,56552,124382,13826,86656,130269,18167,83469,3717572
2009,OR,41,1052389,222339,439652,1052051,278181,417725,28033,2359,18694,22943,2771,17475,74557,7398,39970,82998,9692,39373,3808600
2009,PA,42,3190879,749612,1313591,3217226,1035386,1251507,403444,50528,259739,445037,83837,249696,129005,12426,60610,137874,14859,61602,12666858
2009,RI,44,275163,58697,112190,286626,84891,107592,23428,1971,15839,23997,3042,15043,13533,1106,6955,14792,1413,7368,1053646
2009,SC,45,954489,215106,396753,958838,272392,377198,358087,48094,214232,415464,75476,209211,29453,2560,14068,31165,3304,13982,4589872
2009,SD,46,212334,48342,93817,204079,62673,88287,4237,152,3151,2086,147,2972,21475,1633,18728,22288,2396,18270,807067
2009,TN,47,1524163,322587,650523,1548076,423817,617515,296349,31633,185030,341063,51907,181692,40675,3339,19951,43578,4061,20060,6306019
2009,TX,48,6044929,983339,3129131,5990853,1260651,2977987,880575,87079,529702,962063,132016,509858,408616,36088,202152,428371,43572,194779,24801761
2009,UT,49,721886,106670,449959,709416,129047,430046,11896,546,10203,8162,611,9241,38501,2788,25463,40476,3732,24778,2723421
2009,VA,51,1793367,337616,732561,1784203,437709,696769,463946,57853,253857,511843,88365,247917,159396,15548,73898,179419,19830,71840,7925937
2009,VT,50,184441,38985,74347,187493,49438,70037,2417,143,1956,1870,149,1837,3409,270,1721,4081,330,1893,624817
2009,WA,53,1752665,329761,737375,1718857,406944,699279,96422,7296,59341,79244,8093,55545,210638,22323,107685,239097,32199,104662,6667426
2009,WI,55,1549338,319687,651976,1516615,417633,619964,102380,8432,80482,107973,12595,77454,57740,4049,39077,59424,5540,38905,5669264
2009,WV,54,527019,124586,211914,531244,162145,201996,23380,2570,11764,18086,4035,10630,6014,787,2307,6215,826,2257,1847775
2009,WY,56,167435,31152,72648,156238,35896,68073,2395,161,1571,1464,175,1367,6004,539,3900,6253,684,3896,559851
2010,AK,02,178559,21652,68391,155844,21406,64055,10259,577,6424,7745,682,6063,48199,4906,32667,49393,6351,30809,713982
2010,AL,01,1014554,231826,429023,1015292,304608,407602,347134,45574,205212,410310,72612,200792,31889,2683,15118,33039,3539,14707,4785514
2010,AR,05,694912,166865,312883,694154,212288,296750,126121,15097,81369,142008,23105,79725,23085,1832,12561,24524,2359,12360,2921998
2010,AZ,04,1588060,380859,764851,1589033,450865,730440,95794,8423,60966,85404,10481,56804,166720,16062,102276,177583,22412,100309,6407342
2010,CA,06,8651359,1484904,4052850,8362111,1905362,3857554,802913,99766,440787,818141,139103,421873,1891126,275615,846954,2093367,368553,807212,37319550
2010,CO,08,1426480,232404,614134,1391581,289554,580168,77254,6856,45308,66351,8822,42652,78535,7032,41587,86145,9750,42926,5047539
2010,CT,09,889589,196911,372336,907816,269451,353133,115006,12634,71476,130140,19885,68321,54617,4447,25334,57002,5388,25687,3579173
2010,DC,11,98864,11098,18581,97802,12587,19026,87934,16051,40846,104894,27562,41129,9736,692,2172,12731,1115,2462,605282
2010,DE,10,193092,48564,78186,198863,61577,75326,55322,7050,34777,64447,10049,33933,11865,1280,5537,12694,1580,5505,899647
2010,FL,12,4364899,1326998,1679542,4416044,1633329,1594006,888982,108905,537779,977873,155123,519258,194547,23555,87054,222467,30378,85404,18846143
2010,GA,13,1907483,348386,843885,1882285,450886,798190,843861,83358,512930,993482,134849,502514,127949,10648,62850,135591,12891,60171,9712209
2010,HI,15,129143,25217,27490,104827,25394,25685,13154,746,6216,7794,506,5720,279814,60921,140595,294287,83839,132656,1364004
2010,IA,19,842561,190309,383103,830987,255200,364268,29898,2043,25246,25292,2666,23329,23848,1478,12472,23573,1962,12584,3050819
2010,ID,16,432544,88865,229738,426648,103384,218440,4532,214,3885,2875,175,3677,15865,1511,9695,17115,1983,9673,1570819
2010,IL,17,3083530,582713,1350951,3049264,789835,1284513,520568,71744,331070,608858,113357,321868,228491,26021,102022,243526,32323,99891,12840545
2010,IN,18,1694478,336369,778993,1695019,450223,741154,170044,19890,120655,188712,30082,116371,46273,3342,23129,47994,4368,23459,6490555
2010,KS,20,747606,153977,357938,740720,202627,339476,55999,5609,38590,51861,8169,36260,35651,2912,19863,37744,3773,19491,2858266
2010,KY,21,1175363,235964,512147,1188983,311747,486887,106193,11257,64187,106111,17449,61102,21994,1714,10725,23236,2263,11142,4348464
2010,LA,22,902436,184264,370184,888143,240320,352553,407662,50938,251230,458524,77352,244920,37638,3542,16816,37353,4362,16398,4544635
2010,MA,25,1685756,349935,676423,1753372,488306,648362,153570,15708,92440,168852,24402,88606,130945,12848,58564,143394,15380,59577,6566440
2010,MD,24,1105074,225451,446449,1107432,297403,424237,498951,61306,273998,594569,94997,265636,120065,14908,53766,133960,17882,52700,5788784
2010,ME,23,384599,91998,150199,396119,117724,141371,5543,363,5100,3871,331,4705,7208,630,4068,8512,919,4391,1327651
2010,MI,26,2403753,525380,1038407,2405922,681407,986468,397080,53987,254393,450342,82115,244979,104928,10605,56672,112778,12780,55601,9877597
2010,MN,27,1428880,288518,605317,1412164,371861,577531,86983,4968,67863,83530,6416,64392,88131,6289,58693,93318,8280,57800,5310934
2010,MO,29,1511983,333678,665293,1524284,435147,632229,197044,24021,129475,222596,38425,124791,47709,4469,23541,52088,5542,23774,5996089
2010,MS,28,538480,122939,231456,529835,162900,219535,297519,36612,192864,345708,56827,187968,14586,1188,7592,15583,1664,7359,2970615
2010,MT,30,276781,66291,112069,269338,76183,105306,2214,127,1894,1178,104,1580,20591,2021,15270,22132,2718,14933,990730
2010,NC,37,2117605,442086,898828,2123509,580068,849924,592234,76144,346920,688197,121454,336217,120755,10221,65389,127753,13248,64034,9574586
2010,ND,38,193282,41476,76781,178831,53718,72583,3474,99,2597,2080,93,2246,13106,963,9321,13744,1297,9061,674752
2010,NE,31,493501,103247,230592,485461,135593,219869,26652,2385,20113,25415,3236,18953,18408,1203,12027,19495,1642,11799,1829591
2010,NH,33,386587,78354,156151,391646,98392,149357,6421,424,4265,4688,431,3938,11035,833,5489,12164,961,5671,1316807
2010,NJ,34,1977881,419390,845258,1996661,584509,798616,372428,46946,210295,427357,75552,203277,264616,29481,117494,281017,34642,114031,8799451
2010,NM,35,510622,113682,239222,517058,137040,229045,18278,1976,11059,14606,2191,10233,72254,7920,45305,77990,11288,44845,2064614
2010,NV,32,673052,133564,290951,632200,145612,276723,75359,9133,45027,73595,11073,42502,85555,11609,39902,102130,16126,38370,2702483
2010,NY,36,4261202,892874,1734412,4311625,1233637,1649149,972781,129285,535090,1153181,221098,519720,565853,67945,229790,617439,84009,220866,19399956
2010,OH,39,2901684,624677,1259696,2937336,843066,1199832,400829,55474,266529,447926,85209,257748,80260,7831,37183,86151,9701,38317,11539449
2010,OK,40,886033,198201,385599,880329,254256,365643,90274,9539,59808,90182,13703,57445,127593,14516,88774,133771,18900,85448,3760014
2010,OR,41,1056540,229222,436846,1058336,284227,415510,29255,2468,19011,23620,2872,17731,76827,7878,41076,85560,10192,40443,3837614
2010,PA,42,3204176,758637,1299989,3228170,1038415,1238599,412529,51582,259327,453354,85077,248630,134049,13253,62546,143662,15889,63522,12711406
2010,RI,44,275664,59517,109912,286807,85052,105618,24058,2058,15954,24669,3113,15148,13858,1177,7078,15323,1509,7479,1053994
2010,SC,45,961888,223307,395866,967844,279866,376797,363227,50068,212867,420514,77691,208040,30514,2740,14439,32307,3543,14328,4635846
2010,SD,46,214116,49175,94675,205855,63175,89097,4477,159,3392,2468,150,3133,22067,1674,18710,22957,2474,18439,816193
2010,TN,47,1530306,332264,649559,1557592,432438,616531,302111,32673,184890,347048,53001,181256,42086,3569,20484,44861,4394,20455,6355518
2010,TX,48,6136969,1015371,3157608,6084707,1291950,3007863,905067,90518,536349,985971,136601,515957,427388,39071,211809,447392,47192,204114,25241897
2010,UT,49,734154,110341,456324,721933,132705,436219,12599,573,10650,8628,628,9616,40190,2975,26340,42167,3932,25439,2775413
2010,VA,51,1809969,348552,732717,1799492,447171,697379,472854,59492,254815,520103,90425,248266,166075,16663,77144,186584,21270,75033,8024004
2010,VT,50,184696,40161,73341,187762,50474,69146,2487,145,2016,1825,155,1880,3408,266,1743,4065,344,1972,625886
2010,WA,53,1762375,341715,736277,1732054,418217,699033,98817,7645,60227,81831,8465,56358,217432,23613,110400,247073,34128,107349,6743009
2010,WI,55,1552149,325998,647734,1520088,422184,615982,105137,8745,80796,110610,13052,77472,59883,4307,39457,61655,5901,39388,5690538
2010,WV,54,529535,126730,210636,533571,163041,200672,23930,2645,11769,18440,4028,10740,5974,808,2290,6333,897,2226,1854265
2010,WY,56,168433,32142,72588,157722,36830,68160,2329,176,1529,1465,189,1381,6202,518,3889,6397,694,3887,564531
2011,AK,02,179588,22846,68015,157411,22356,63573,10652,599,6589,8021,713,6126,49528,5083,33029,50511,6624,31085,722349
2011,AL,01,1015874,236370,425046,1018872,308313,403567,351501,46806,202626,416034,73778,197962,32239,2940,15116,34026,3841,14731,4799642
2011,AR,05,699162,169606,312035,698639,214454,296049,128103,15549,80844,144059,23433,78993,24420,1996,12696,25808,2551,12641,2941038
2011,AZ,04,1604799,394390,756069,1602986,464671,722356,99746,8906,61407,88429,10999,57376,172749,17020,103062,183714,23770,100967,6473416
2011,CA,06,8719190,1525136,4020550,8437674,1942664,3833576,815573,102789,434500,829625,142813,415617,1941336,290389,845326,2147155,387530,804868,37636311
2011,CO,08,1444445,242091,616812,1410373,298938,582104,79592,7209,45661,68306,9115,42987,81134,7478,42356,88966,10422,43911,5121900
2011,CT,09,888468,200806,369423,905766,271899,351203,117678,13192,71072,132448,20683,67819,56285,4827,25977,58720,5809,26557,3588632
2011,DC,11,102896,11411,19821,100873,13132,20087,89396,16149,40894,106816,27608,41022,10052,712,2364,13214,1159,2684,620290
2011,DE,10,193964,49938,77423,200007,62757,74712,56610,7370,34682,65776,10598,33895,12335,1388,5637,13167,1713,5618,907590
2011,FL,12,4403251,1359665,1669473,4453118,1665797,1582674,918536,114052,539386,1004879,161659,519676,201211,25584,87873,229577,33031,86165,19055607
2011,GA,13,1912181,360140,838954,1889001,461748,793482,865884,87803,513967,1013440,140482,502538,132056,11590,64546,139936,14025,61857,9803630
2011,HI,15,130548,26643,27310,106004,26411,25603,13919,790,6513,8441,519,6086,281797,62650,140864,296594,86087,132783,1379562
2011,IA,19,846807,192402,381331,834394,255828,362718,31226,2117,25620,26275,2694,23879,25816,1585,13303,25204,2094,13479,3066772
2011,ID,16,435677,91825,228783,430699,105837,217687,4837,225,3944,3103,190,3803,16548,1568,9896,17685,2110,9855,1584272
2011,IL,17,3088588,593189,1337556,3054204,796555,1273218,526834,73473,324928,613461,115688,315251,235112,28199,104041,251009,34758,101719,12867783
2011,IN,18,1700500,342675,772142,1702302,454951,734327,173389,20368,120996,192069,30662,116404,48995,3577,24315,50414,4741,24423,6517250
2011,KS,20,749033,156379,357416,742948,203733,338587,56889,5755,38511,52655,8291,36473,36739,3103,20401,39075,4014,19675,2869677
2011,KY,21,1179843,240859,509259,1195897,315884,483359,108364,11554,64590,108360,17710,61449,22871,1836,11037,24066,2465,11414,4370817
2011,LA,22,907997,188029,367301,895472,243194,349265,414017,52575,250026,465895,79520,243131,38729,3830,17182,38644,4683,16754,4576244
2011,MA,25,1693545,356670,671774,1758355,493312,644758,159183,16513,93479,174014,25478,89795,136529,13638,60059,149720,16384,61012,6614218
2011,MD,24,1110066,230704,445854,1111225,301441,423460,509144,63798,272238,603173,98659,264393,123527,15947,55449,137824,19172,54167,5840241
2011,ME,23,384504,94416,147812,396244,119133,139130,5837,384,5292,4114,367,4813,7415,698,4108,8798,1003,4405,1328473
2011,MI,26,2406144,535903,1022199,2410090,688276,969717,401277,55340,249591,455340,83938,239841,108665,11391,58037,116721,13790,56793,9883053
2011,MN,27,1433237,294976,601985,1415909,376651,574671,90581,5253,69467,86656,6784,66185,92209,6676,60089,97285,8775,59231,5346620
2011,MO,29,1515831,339195,659212,1528810,438987,625652,199828,24690,128262,225451,39153,123455,49363,4834,24222,53919,5990,24328,6011182
2011,MS,28,538532,125474,229717,530871,164538,217017,301647,37785,190412,350391,57719,185712,14981,1287,7681,16202,1805,7376,2979147
2011,MT,30,277697,67988,111630,270688,77331,105036,2505,124,2000,1428,109,1736,21031,2120,15414,22678,2844,15159,997518
2011,NC,37,2124408,455762,895755,2137818,592823,848026,602863,79254,346052,700445,125198,335492,124498,11113,67160,131875,14299,66072,9658913
2011,ND,38,196859,41918,77632,181045,53978,73444,3847,112,2822,2356,99,2440,13546,1014,9610,14158,1352,9294,685526
2011,NE,31,495859,104566,230755,488088,135965,220271,27337,2466,20423,25838,3325,19269,18969,1279,12475,20067,1730,12232,1840914
2011,NH,33,387000,80666,153920,391376,100829,147426,6764,455,4343,4955,437,4049,11757,907,5697,12802,1078,5983,1320444
2011,NJ,34,1978329,426042,838417,1993507,588850,793544,378240,48347,208676,431748,77604,201504,271304,31891,119663,287231,37449,116206,8828552
2011,NM,35,513760,116997,237847,519476,140327,228079,18681,2063,11018,14968,2268,10285,74161,8221,45569,80161,11802,45024,2080707
2011,NV,32,672070,138323,286328,633420,149952,272530,77029,9571,44945,75558,11612,42377,87390,12621,39650,104274,17382,38082,2713114
2011,NY,36,4277382,907062,1720615,4321737,1242614,1637421,990632,133510,528845,1167668,227123,513564,580395,72221,232408,634177,89354,223193,19499921
2011,OH,39,2905102,634260,1242883,2940377,848223,1183106,406459,56552,265075,453189,86702,255980,82933,8380,38066,88635,10470,39343,11545735
2011,OK,40,890564,201197,384946,886212,256316,364825,91785,9783,60051,91836,13921,57514,131075,15056,90124,137228,19502,86889,3788824
2011,OR,41,1063901,236038,433639,1066965,290092,412639,30242,2569,19172,24505,2984,17865,80282,8345,41795,89606,10871,41162,3872672
2011,PA,42,3215832,767100,1283840,3235399,1040745,1224158,421485,52691,259256,461425,86448,248317,139120,14276,64671,149419,17073,65797,12747052
2011,RI,44,275549,60361,107761,286375,85129,103415,24926,2222,15970,25306,3242,15367,14352,1259,7338,15989,1586,7682,1053829
2011,SC,45,966583,231552,394374,976327,287705,374371,366960,52256,210442,424989,80150,205757,31456,3024,14708,33276,3930,14795,4672655
2011,SD,46,216339,49940,95023,207162,63164,89169,4971,162,3557,2719,164,3207,22627,1725,19088,23403,2559,18761,823740
2011,TN,47,1537841,340842,645370,1567880,439796,612603,308077,33799,184373,353282,54227,180365,43900,3904,21176,46687,4825,21351,6400298
2011,TX,48,6226135,1048046,3176832,6177312,1324125,3027321,929718,94205,540311,1010731,141051,518952,445032,42803,216591,465835,51486,209018,25645504
2011,UT,49,745335,113789,459035,734424,135889,437222,13114,593,10768,9152,640,9617,41584,3144,26687,43731,4179,25894,2814797
2011,VA,51,1821988,359126,734298,1810384,456422,698337,480447,61232,252916,526646,92795,246293,171591,18046,79091,192880,23045,76900,8102437
2011,VT,50,184501,41402,72745,187267,51445,68451,2651,162,2082,1952,163,1911,3616,293,1797,4275,388,2096,627197
2011,WA,53,1781343,352485,732289,1748076,428050,695114,103033,8029,61453,85019,8868,57447,226899,25109,112373,256531,36159,109202,6827479
2011,WI,55,1553754,332187,642413,1521969,425627,611764,106859,9129,81041,113097,13418,77361,62323,4547,39986,64200,6281,39884,5705840
2011,WV,54,529998,128744,208861,534727,163799,198381,24376,2730,11856,18735,4010,10741,6429,863,2264,6752,1000,2340,1856606
2011,WY,56,168950,33075,72114,158458,37531,67820,2606,182,1521,1567,196,1363,6329,550,4030,6500,722,3977,567491
2012,AK,02,181061,24776,67086,157737,23970,62734,11478,637,6623,8422,755,6170,50604,5323,33444,51589,6983,31418,730810
2012,AL,01,1009922,246885,421388,1014201,318409,400492,356349,49174,200567,420484,76123,196089,33385,3265,15261,35391,4229,15018,4816632
2012,AR,05,696374,176191,311021,696248,220760,294937,129084,16269,80302,145310,24137,78295,25787,2194,13245,27023,2823,12876,2952876
2012,AZ,04,1612623,416976,753285,1609565,488101,719992,103477,9600,62598,92018,11767,58329,178712,18183,104244,189537,25321,102016,6556344
2012,CA,06,8757799,1598745,3987139,8468922,2014959,3808904,827198,107391,428249,837570,148584,408925,1984313,308884,847556,2190284,411079,808050,37944551
2012,CO,08,1456468,259143,616876,1421180,315732,582054,82089,7694,46148,70525,9549,43420,84029,8044,42997,91946,11163,44603,5193660
2012,CT,09,883276,208976,364516,898303,279655,347480,120236,13916,70630,134644,21687,67357,58109,5317,26566,61048,6341,27154,3595211
2012,DC,11,106323,12141,20892,103696,13994,21399,90151,16554,41185,108352,27991,41485,10349,761,2667,13642,1246,2909,635737
2012,DE,10,193476,52838,77121,199445,65457,74342,57667,7846,34495,66830,11233,33773,12687,1533,5731,13509,1892,5643,915518
2012,FL,12,4421489,1421126,1665461,4472087,1730016,1578908,943414,121207,539659,1032076,170631,521052,207491,28221,88979,236725,36217,87257,19302016
2012,GA,13,1909271,383064,834994,1886731,484560,790579,883459,94312,513230,1030278,148727,502128,137334,12744,66768,145547,15498,64356,9903580
2012,HI,15,131804,28574,27094,106617,27841,25558,14808,862,6746,8895,601,6171,283404,65139,141162,297434,89146,133343,1395199
2012,IA,19,844309,199408,378595,832422,261109,360140,32320,2252,26019,27233,2791,24297,27338,1693,14074,26522,2242,14080,3076844
2012,ID,16,436335,97080,227773,431904,110525,216858,4926,252,4047,3233,206,3828,17023,1688,9973,18059,2253,9947,1595910
2012,IL,17,3076020,617995,1320948,3039548,819844,1259324,531751,76172,318767,615850,119770,309080,241627,30772,106159,258240,37620,103542,12883029
2012,IN,18,1697783,357870,763841,1697704,469116,726556,176678,21086,120704,194800,31692,116122,51805,3959,25805,52818,5160,25490,6538989
2012,KS,20,750524,162616,355903,741659,209300,337520,58461,5987,38700,53613,8522,36650,37960,3338,20740,40272,4241,20018,2886024
2012,KY,21,1177486,252316,505809,1191468,326961,479873,110709,12101,64506,109952,18365,61378,23975,2051,11366,25003,2739,11807,4387865
2012,LA,22,906236,196804,365421,894602,251613,347283,418503,55515,248328,470774,82907,241545,39393,4203,17405,39336,5114,17085,4602067
2012,MA,25,1693154,373598,664688,1753708,509014,639085,165297,17668,95118,178949,27000,91188,142884,14640,61762,156202,17540,62774,6664269
2012,MD,24,1109614,242144,443930,1107570,312322,421968,517281,67781,270327,609521,104213,262282,126879,17268,57029,141667,20805,55774,5888375
2012,ME,23,380941,99642,145408,393228,123712,137000,6178,401,5332,4289,412,4797,7478,778,4105,8930,1104,4359,1328094
2012,MI,26,2398682,560475,1007804,2398615,710163,956219,404915,57852,245000,457454,87156,235387,113283,12327,59038,120913,15177,57829,9898289
2012,MN,27,1431091,308860,596459,1411879,389781,569977,94032,5656,70857,89536,7248,67444,95836,7147,61335,100713,9419,60230,5377500
2012,MO,29,1512368,352961,652512,1523981,452503,619385,202200,25726,127199,227707,40584,122086,50758,5181,24626,55160,6445,24645,6026027
2012,MS,28,534377,131243,228124,527058,169634,215849,304975,39552,187640,353418,59515,183181,15162,1378,7651,16510,1922,7410,2984599
2012,MT,30,277414,71658,110892,270320,80298,104454,2838,129,1999,1704,113,1763,21449,2237,15583,23033,2979,15305,1004168
2012,NC,37,2123954,482366,891811,2137668,619861,845428,612588,84104,345150,710695,131186,335351,129070,12222,69364,136837,15534,68621,9751810
2012,ND,38,201833,43172,79461,183908,54830,75183,4479,132,3055,2737,108,2726,14048,1100,9909,14582,1440,9524,702227
2012,NE,31,496630,108655,230461,488343,139407,220084,27860,2581,20662,26258,3474,19540,19857,1385,13052,20741,1887,12814,1853691
2012,NH,33,385623,85651,151115,389699,105708,144732,7171,499,4443,5269,476,4111,12413,1015,5836,13468,1231,6217,1324677
2012,NJ,34,1967819,442817,827381,1978870,605011,784658,383608,50474,206455,434970,80642,199653,276470,34590,121469,292008,40667,118109,8845671
2012,NM,35,512828,122575,235406,516654,146209,225178,19017,2190,11022,15140,2324,10220,75564,8628,45668,81518,12512,45062,2087715
2012,NV,32,672212,147232,283827,634660,158237,270287,80616,10205,45654,78847,12380,43248,89592,13868,39831,106739,19116,38119,2744670
2012,NY,36,4266649,943476,1702935,4301087,1276121,1622347,1005068,139412,522292,1175498,235237,507395,591826,77562,236518,648096,95767,227076,19574362
2012,OH,39,2889312,662277,1226748,2920195,873060,1166839,412208,58642,263444,457161,89437,254008,85953,9080,39169,91509,11415,40514,11550971
2012,OK,40,892290,208906,384852,886390,263701,364495,93427,10244,60307,93119,14476,57524,134006,15977,91045,140180,20550,87831,3819320
2012,OR,41,1063319,249295,430450,1065641,302806,409398,31075,2718,19223,25270,3158,18031,83044,8933,42090,92477,11681,41493,3900102
2012,PA,42,3202256,797392,1266418,3215134,1065957,1208168,429820,54870,259016,466833,89122,247683,143706,15473,66728,154366,18452,67729,12769123
2012,RI,44,274423,62797,106002,284288,87444,101817,25459,2402,15878,25879,3394,15330,14918,1344,7485,16463,1720,7850,1054893
2012,SC,45,967402,246321,394187,977405,302683,374579,370558,55406,208460,429145,83704,203982,32690,3364,15017,34464,4392,15268,4719027
2012,SD,46,217936,51748,94798,208268,64207,89136,5892,190,3900,3437,201,3470,23318,1861,19553,24087,2695,19162,833859
2012,TN,47,1538880,358413,643326,1568413,456896,611575,315132,35769,184184,359419,56438,179716,45621,4335,21907,48330,5360,22038,6455752
2012,TX,48,6306635,1104060,3192730,6246063,1382871,3045466,958385,99861,544415,1037580,147910,523576,465883,47088,223318,486381,56701,215197,26084120
2012,UT,49,754400,119891,460811,742759,141649,438115,13754,631,10923,9704,675,9862,43577,3390,27424,45517,4485,26579,2854146
2012,VA,51,1825405,379490,735274,1810014,476670,700018,487793,64390,251481,532557,96649,245167,177450,19654,81256,199671,25333,79184,8187456
2012,VT,50,182825,43582,71594,185623,53452,67433,2765,183,2086,2003,170,1914,3714,320,1801,4372,427,2097,626361
2012,WA,53,1784797,372547,727322,1748023,448285,691284,107126,8610,62298,88313,9462,58698,235199,26959,114697,264925,38644,111410,6898599
2012,WI,55,1548322,347133,635837,1516434,437876,606018,108484,9621,80910,114992,14013,77101,64716,4928,40564,66632,6714,40530,5720825
2012,WV,54,526215,134456,207454,530802,168396,196837,24496,2847,11929,18880,4063,10778,6624,950,2270,6939,1095,2415,1857446
2012,WY,56,170407,34846,72156,159141,39161,68183,3682,205,1699,2392,220,1482,6613,597,4261,6748,778,4085,576656
2013,AK,02,182078,26471,66619,157193,25340,61979,11968,677,6722,8545,774,6301,52005,5604,33795,52450,7360,31745,737626
2013,AL,01,1005903,254857,418143,1009984,326213,398622,361426,51649,198291,424400,78756,194208,34046,3582,15238,36180,4662,15426,4831586
2013,AR,05,694077,180890,309630,694585,225295,293920,130344,17053,79770,146565,24872,77695,26276,2401,13447,27509,3095,13035,2960459
2013,AZ,04,1620063,436541,750829,1617492,508025,718502,106696,10350,63808,95286,12498,59660,184284,19441,105550,195424,27055,103186,6634690
2013,CA,06,8797922,1659477,3956012,8504023,2076465,3786664,835857,111929,422275,844241,154637,403519,2028966,328221,855927,2235249,436154,816230,38253768
2013,CO,08,1472407,274404,616984,1434740,330619,582784,84993,8153,46765,72811,9986,44008,86934,8670,44013,94869,12009,45625,5270774
2013,CT,09,880227,215089,357862,893758,285166,341495,123361,14604,69962,136887,22668,66946,58853,5740,26904,61979,6889,27402,3595792
2013,DC,11,109414,12764,21986,105732,14697,22595,91658,16916,41760,110296,28499,41951,10884,792,2963,14150,1319,3183,651559
2013,DE,10,193369,55278,76224,199365,68112,73711,58686,8391,34248,68029,11932,33624,13382,1688,5986,14135,2113,5789,924062
2013,FL,12,4450833,1473267,1666978,4498219,1784403,1581657,962742,128484,543300,1051906,179785,524566,212905,30914,90678,242577,39543,88921,19551678
2013,GA,13,1899324,401187,830368,1879146,503043,788372,896954,101327,511308,1046742,157571,500783,142263,14096,69078,150575,16940,66515,9975592
2013,HI,15,132837,30494,26927,107069,29332,25481,15496,943,6775,9179,654,6282,284617,67456,141713,297732,92226,133609,1408822
2013,IA,19,844318,204474,376846,831660,265008,359310,34292,2363,26873,28754,2935,25261,29246,1842,15119,28182,2410,15042,3093935
2013,ID,16,438833,101864,227650,433928,115108,217054,5199,281,4188,3399,224,3956,17457,1799,10142,18416,2450,10105,1612053
2013,IL,17,3067679,637954,1304988,3028233,837067,1244641,537406,78800,311909,618777,123751,302694,249163,33213,108154,265472,40492,105385,12895778
2013,IN,18,1697783,369797,759391,1696857,480330,722863,180467,21973,120948,197703,32712,116401,54528,4326,26895,55336,5607,26658,6570575
2013,KS,20,749554,167831,354310,739420,213420,335878,59444,6203,38591,53901,8739,36640,39441,3560,20951,41493,4501,20429,2894306
2013,KY,21,1175623,261467,504099,1188371,335522,477945,112956,12756,64972,111690,19061,61716,24966,2223,12013,26110,3005,12411,4406906
2013,LA,22,905766,203298,364436,893685,257422,346329,423346,58118,246625,475706,86012,240185,39972,4553,17668,40040,5517,17362,4626040
2013,MA,25,1695365,386734,657585,1754480,521669,633531,171083,18921,96743,184516,28419,92577,148432,15686,63627,162315,18824,64651,6715158
2013,MD,24,1107519,250523,441188,1104374,319880,419880,524863,71682,268184,615548,109996,260597,129729,18557,58606,144515,22525,57031,5925197
2013,ME,23,378588,104171,143225,390612,127687,134848,6422,430,5476,4463,434,4885,7661,866,4103,9162,1187,4323,1328543
2013,MI,26,2395276,580126,995123,2391835,727283,945415,406779,60099,240913,457864,90290,231481,117999,13356,60067,125262,16540,59094,9914802
2013,MN,27,1431917,320607,591943,1411896,400610,566166,97640,6131,72855,92852,7768,69230,98907,7640,62806,104090,10086,61578,5414722
2013,MO,29,1510991,364146,647702,1520479,462636,614924,205319,26809,126081,230092,42003,120928,52010,5608,25046,56333,6959,24923,6042989
2013,MS,28,530878,135393,226910,523741,172762,214579,308703,41244,184982,356612,61563,180970,15701,1514,7668,16975,2088,7556,2989839
2013,MT,30,278281,74826,111115,271292,82791,104457,2827,139,2088,1660,127,1868,22049,2352,15992,23603,3146,15545,1014158
2013,NC,37,2127443,504172,887931,2141203,641895,843342,623555,89024,344175,721422,137332,335097,134295,13282,71929,142223,17038,71359,9846717
2013,ND,38,208011,44269,81621,187805,55399,77452,5644,159,3456,3409,114,3089,14629,1173,10366,15081,1500,9972,723149
2013,NE,31,497876,111753,230765,489053,141821,219881,28661,2676,20950,26745,3612,19812,20492,1504,13593,21327,2046,13246,1865813
2013,NH,33,384497,90109,148260,387843,109875,142202,7441,537,4505,5453,519,4170,13045,1114,5952,14079,1387,6284,1327272
2013,NJ,34,1961158,454713,816329,1969092,614898,775165,389162,52274,204729,437737,83577,198350,280861,37223,122994,296399,43811,119349,8857821
2013,NM,35,511231,127589,232132,513865,151322,222143,19475,2284,11096,15383,2418,10218,76979,9130,46101,82840,13186,45441,2092833
2013,NV,32,672648,154909,282978,636368,165468,269623,82410,10811,46320,80825,13247,43971,92205,15096,40518,109968,20968,38623,2776956
2013,NY,36,4256284,971071,1683641,4284579,1299884,1605803,1019214,144953,516282,1183263,242940,501808,600072,83456,240549,659094,102556,231039,19626488
2013,OH,39,2881893,683804,1215278,2907943,892171,1155178,419542,60815,262691,461834,92521,254343,90206,9828,41011,95928,12387,42319,11579692
2013,OK,40,893975,214590,386623,888118,268977,366086,95768,10723,60669,94707,14975,57908,137463,16822,92371,143285,21589,89242,3853891
2013,OR,41,1063046,260687,427218,1065496,313682,406715,31899,2877,19317,25880,3339,18287,85074,9503,42487,94640,12512,41451,3924110
2013,PA,42,3191087,819111,1249663,3197775,1082753,1192032,437608,56997,258280,471609,91988,247096,148202,16743,69053,159688,19861,69992,12779538
2013,RI,44,273740,64573,104030,282972,88975,99992,26254,2582,15925,26712,3545,15438,15333,1456,7532,16744,1819,7938,1055560
2013,SC,45,970040,258670,394729,981769,314677,375452,375004,58343,206642,433371,87421,201771,33602,3731,15300,35422,4863,15662,4766469
2013,SD,46,218906,53743,95065,209433,65420,89576,6317,220,4113,3647,241,3642,23788,1929,19877,24504,2828,19502,842751
2013,TN,47,1538399,372737,641598,1568340,470125,610782,319426,37856,183406,363288,58933,179018,47172,4751,22511,49932,5896,22773,6496943
2013,TX,48,6373569,1150445,3208676,6302597,1430641,3066225,984764,106041,549151,1061878,155285,528915,486303,51861,231307,506807,62449,222732,26479646
2013,UT,49,764013,125510,465067,752000,146908,442083,14359,684,11136,10157,721,10085,45208,3642,28096,47165,4778,27161,2898773
2013,VA,51,1827964,395715,734621,1809786,492886,699359,494973,67721,249797,538180,100471,243731,182774,21248,83293,204786,27513,81043,8255861
2013,VT,50,181841,45600,70576,184522,55212,66330,2898,192,2110,2151,176,1931,3798,348,1834,4506,472,2106,626603
2013,WA,53,1789255,389247,724279,1748198,465119,689308,110462,9147,63167,90763,10133,59684,243310,29036,117410,272341,41382,114011,6966252
2013,WI,55,1545593,359486,629160,1514215,447895,600460,110032,10233,80797,116376,14586,76868,67281,5254,41730,69414,7130,41502,5738012
2013,WV,54,521729,139053,205878,526052,171889,195611,24757,3002,11987,19084,4149,10832,6775,990,2285,7048,1203,2444,1854768
2013,WY,56,170555,36414,72756,159491,40483,68571,3951,267,1840,2768,255,1620,6771,614,4334,6873,840,4217,582620
2014,AK,02,180355,28035,65729,155379,26702,61104,12077,723,6619,8531,807,6201,52693,5946,33817,52787,7791,31779,737075
2014,AL,01,1000892,262478,416047,1005531,334227,396871,364215,54313,196178,427211,82007,192270,34619,3890,15380,36840,5077,15691,4843737
2014,AR,05,692033,185467,308608,692127,230428,292893,131239,17968,79372,147385,25835,77156,26851,2640,13772,28183,3356,13446,2968759
2014,AZ,04,1634269,456809,750976,1629158,529208,718732,110539,11148,65217,98746,13428,61177,190335,20791,107232,201177,29103,104828,6732873
2014,CA,06,8843349,1718725,3928731,8537236,2138509,3764246,848588,117020,417181,851171,161230,398689,2076257,349366,865472,2281411,463931,825594,38586706
2014,CO,08,1490779,288805,618483,1447238,345844,585016,88286,8670,47775,74846,10461,44787,89967,9342,44949,98146,12815,46428,5352637
2014,CT,09,875752,220478,352230,888020,289934,335704,125521,15199,69469,138763,23738,66460,61004,6197,27595,64169,7540,27924,3595697
2014,DC,11,111525,13473,23144,107793,15387,23697,92540,17256,41972,111123,29039,42170,11358,825,3122,14515,1398,3266,663603
2014,DE,10,193407,57669,75645,199290,70699,73287,59914,8898,34244,69212,12655,33595,13959,1816,6131,14595,2277,5838,933131
2014,FL,12,4494614,1526380,1673412,4539912,1842451,1588965,985120,135848,546826,1073498,189569,528361,219405,33755,92293,249400,43379,90692,19853880
2014,GA,13,1896779,417923,827863,1877745,520737,786544,912109,108552,512415,1065467,167183,502183,146868,15482,70956,155710,18562,68126,10071204
2014,HI,15,133122,32554,26536,107125,30806,25195,16092,1057,6740,9495,726,6313,284022,69695,141256,296672,94934,132995,1415335
2014,IA,19,842978,210028,375859,829943,269495,358616,36228,2527,28009,30159,3075,26282,31188,2016,15916,29838,2603,15883,3110643
2014,ID,16,442202,106748,228583,436955,119691,217970,5495,309,4303,3589,243,4086,17823,1951,10406,18892,2596,10406,1632248
2014,IL,17,3051561,656825,1288577,3011886,853776,1229314,541003,81427,305652,619614,127760,296672,254301,35694,109543,271290,43598,106599,12885092
2014,IN,18,1695017,382052,754884,1693658,492163,718580,183431,22893,121238,200129,34051,116626,57160,4740,27964,57682,6080,27671,6596019
2014,KS,20,748012,172863,352778,736862,217674,334518,60533,6496,38456,54098,9088,36601,40856,3776,21272,42633,4790,20555,2901861
2014,KY,21,1170773,270746,501138,1184115,344768,475471,114003,13541,64826,112603,19926,61803,25683,2440,12438,26754,3271,12693,4416992
2014,LA,22,904020,209696,363900,891692,263434,346316,426132,61109,245475,478566,89427,239031,40406,4909,17916,40433,5951,17525,4645938
2014,MA,25,1697643,399395,650602,1754462,533824,627876,177157,20160,98132,189663,29910,93716,154263,16971,65547,168769,20434,66340,6764864
2014,MD,24,1102588,257841,440010,1098758,327328,419183,531369,76097,267181,620609,116359,259776,132440,19921,60115,147763,24325,58401,5960064
2014,ME,23,376557,108241,141292,388594,131808,133243,6754,460,5587,4880,463,5162,7970,975,4110,9460,1334,4327,1331217
2014,MI,26,2391120,598869,983806,2383520,744372,935393,408885,62543,237456,458205,93497,228449,123185,14320,60874,129476,17786,60277,9932033
2014,MN,27,1430848,332363,588519,1409352,411366,563320,101745,6599,75623,96379,8427,71949,102521,8159,64118,107574,10746,63057,5452665
2014,MO,29,1508213,374689,643406,1516343,473086,611344,207478,27898,125270,231337,43589,120322,53572,6043,25777,57670,7495,25598,6059130
2014,MS,28,526791,138909,225248,520322,176219,213518,310193,43368,182982,358879,63906,178790,16003,1649,7859,17218,2251,7787,2991892
2014,MT,30,278697,78074,111121,271670,85449,104533,2932,150,2109,1703,141,1899,22375,2511,16328,23941,3320,15704,1022657
2014,NC,37,2130756,524274,884828,2145890,663898,841475,632548,94298,343131,729940,144050,335268,139033,14416,74288,147188,18358,73656,9937295
2014,ND,38,211635,45548,83593,190023,56051,79228,6775,181,3810,4012,134,3480,15100,1191,10773,15388,1576,10238,738736
2014,NE,31,498522,115385,230661,488779,144916,219879,29709,2814,21268,27299,3809,20203,21689,1674,14459,22457,2262,14170,1879955
2014,NH,33,385615,94366,145785,387542,114119,139810,7749,590,4630,5611,543,4308,13632,1230,6087,14682,1536,6422,1334257
2014,NJ,34,1953035,465340,806590,1957818,624466,766708,394113,54251,203811,440062,86561,197160,284654,39879,124335,300743,47000,120751,8867277
2014,NM,35,507339,132454,228087,508952,156371,218222,19801,2396,11065,15603,2553,10185,77621,9648,46658,83635,13841,45805,2090236
2014,NV,32,675569,162367,283118,640078,172933,269402,85178,11441,47466,84052,14177,45155,94959,16421,41126,113489,22853,39151,2818935
2014,NY,36,4237735,998025,1663031,4261035,1324589,1587187,1027924,150750,509640,1187742,250821,495193,609782,89629,244231,671395,109780,234942,19653431
2014,OH,39,2871920,705163,1204331,2894195,912000,1145219,425104,63397,263086,466244,95632,254655,94252,10615,42917,100181,13477,44185,11606573
2014,OK,40,893598,219827,387262,887406,274239,366734,97192,11290,60960,95830,15529,58120,140536,17633,93560,146162,22706,90603,3879187
2014,OR,41,1065847,272472,426938,1067661,325337,406378,33082,3044,19771,26876,3532,18745,88318,10273,43311,98123,13482,42257,3965447
2014,PA,42,3176789,840675,1235121,3181007,1100483,1178716,443374,59182,257870,475798,95076,246743,152884,17979,71749,165209,21514,72223,12792392
2014,RI,44,272859,66420,102346,281644,90241,98443,27008,2758,15982,27374,3703,15543,15818,1564,7685,17131,1916,8076,1056511
2014,SC,45,975959,271141,397203,989222,327475,378274,378353,61703,205301,437044,91457,200588,34874,4116,15864,36660,5325,16299,4826858
2014,SD,46,219109,55912,95389,209728,66936,89905,6469,251,4292,3668,271,3856,24035,2026,20264,24801,2970,19788,849670
2014,TN,47,1540452,386227,641660,1570593,483576,609923,324113,40084,182838,366898,61693,178601,48277,5177,23256,51290,6414,23545,6544617
2014,TX,48,6459737,1196313,3236792,6377237,1480592,3094919,1013707,112397,556801,1089904,163681,536644,511841,57112,241228,533324,68811,232052,26963092
2014,UT,49,772748,131107,467581,760498,152529,444362,14933,760,11293,10527,768,10212,46815,3917,28636,48852,5161,27628,2938327
2014,VA,51,1826809,410927,732540,1806110,508316,697483,501945,71184,248442,543101,104751,242492,188638,23071,85465,211066,29902,83188,8315430
2014,VT,50,180385,47477,69401,183093,56919,65335,3010,203,2126,2250,186,1935,3943,375,1851,4618,514,2072,625693
2014,WA,53,1799970,406536,723440,1753603,482693,687786,114011,9804,64194,93208,10791,60797,253823,31326,121129,282645,44474,117301,7057531
2014,WI,55,1540609,372744,623332,1509941,458553,594639,111738,10752,80882,117805,15286,76927,69815,5604,42601,72078,7578,42315,5753199
2014,WV,54,516064,143536,204397,520642,176070,194319,24802,3177,11970,19188,4255,10899,6939,1042,2355,7169,1299,2446,1850569
2014,WY,56,169696,37951,72425,158582,41936,68485,3615,285,1841,2395,274,1606,6799,655,4488,6940,881,4305,583159
2015,AK,02,178998,29743,64863,153972,28146,60346,12240,781,6564,8589,855,6174,53206,6295,34026,53397,8235,32000,738430
2015,AL,01,995252,268921,414766,1000569,340769,395990,366159,57263,195224,429073,85511,190963,35398,4233,15590,37396,5604,16122,4854803
2015,AR,05,690903,189581,308168,690736,234341,292304,132234,19044,79216,148021,27014,77026,27553,2884,14333,28879,3666,13829,2979732
2015,AZ,04,1649465,476900,751411,1641152,551620,719176,114514,12010,67088,102638,14534,62957,195352,22229,108473,205862,31391,106038,6832810
2015,CA,06,8877604,1778389,3903618,8555680,2199738,3740550,858312,122630,412351,856568,168141,393955,2123277,372671,879463,2329011,494182,838156,38904296
2015,CO,08,1516823,303033,621599,1466124,360760,588422,91608,9189,48747,77259,11037,45646,93596,10081,46620,102265,13849,47670,5454328
2015,CT,09,869242,225185,345653,880501,294117,329830,127510,15955,69157,140650,24782,66197,62803,6709,28145,65632,8212,28281,3588561
2015,DC,11,113822,14127,24293,110837,16121,24919,92850,17708,42313,111691,29693,42400,11951,884,3218,15329,1495,3363,677014
2015,DE,10,192954,59944,75293,198896,73095,72955,61145,9504,34366,70191,13438,33780,14590,1956,6269,15190,2438,6061,942065
2015,FL,12,4554375,1581892,1689623,4597256,1902848,1605427,1007631,144447,552521,1093879,200101,533631,226431,36860,94469,257182,47587,92951,20219111
2015,GA,13,1898357,433284,827222,1879076,537292,787062,927848,116168,514584,1084750,177745,504788,152708,16858,73410,161503,20328,70370,10183353
2015,HI,15,133147,34579,26267,107059,32344,25001,16694,1166,6796,9903,778,6376,283305,71897,141360,295592,97575,133160,1422999
2015,IA,19,840497,216020,374840,827427,273501,357377,37984,2683,29046,31418,3243,27261,32513,2158,16335,30960,2842,16436,3122541
2015,ID,16,445426,111424,229459,439690,124283,218904,5779,326,4403,3849,276,4208,18279,2134,10664,19671,2842,10878,1652495
2015,IL,17,3031165,674178,1273596,2990151,868189,1214322,541978,84249,300599,618186,132058,291784,259478,38275,110571,276208,46972,107626,12859585
2015,IN,18,1689278,393219,750370,1687046,502409,714584,186166,23953,121468,201911,35367,117056,59672,5221,28890,59779,6645,28408,6611442
2015,KS,20,746324,177698,351087,734842,221889,333222,61514,6823,38259,54502,9380,36515,42724,4045,21721,44190,5137,20845,2910717
2015,KY,21,1167038,278648,499437,1179661,352683,473930,115297,14424,64910,113156,20827,61955,26803,2631,13077,27900,3507,13242,4429126
2015,LA,22,902182,216002,363742,889537,269937,346546,427806,64299,244964,479942,93363,238433,41133,5276,18423,41195,6357,17861,4666998
2015,MA,25,1695006,410450,643245,1750648,544594,621031,182104,21546,99241,194116,31497,95129,159431,18237,67135,174252,22072,67750,6797484
2015,MD,24,1097017,264460,436934,1092491,333439,416992,537818,80175,266702,624565,122817,259339,135666,21314,61784,150942,26281,59792,5988528
2015,ME,23,373612,111767,139211,385759,134961,131588,6964,486,5574,5109,492,5181,7980,1046,4116,9517,1467,4268,1329098
2015,MI,26,2382643,616554,972372,2371187,759087,925279,409842,64912,234692,456816,96988,226129,127923,15260,61508,133063,19125,61103,9934483
2015,MN,27,1427677,344046,584394,1404199,421593,559747,106064,7128,78369,99770,9120,74870,105917,8771,65654,110786,11526,64371,5484002
2015,MO,29,1505369,384488,640352,1511426,482611,608706,209102,28907,125068,232060,45249,120207,55292,6391,26365,59488,8052,26278,6075411
2015,MS,28,522036,141862,224044,516401,179064,212143,310080,45875,180711,360289,66679,177011,16199,1822,8042,17558,2443,7972,2990231
2015,MT,30,279529,81253,111212,271709,88407,104824,3031,172,2128,1809,151,1930,22616,2658,16602,24163,3471,15830,1031495
2015,NC,37,2140798,543310,884191,2154133,683506,841583,640064,99824,342977,736908,151260,335416,143891,15482,76616,151695,19867,75697,10037218
2015,ND,38,214409,46989,85255,192030,56787,80925,8536,213,4529,5104,150,4057,15804,1235,11162,15959,1693,10700,755537
2015,NE,31,498244,118851,231257,487850,148168,220051,30424,2960,21556,27827,3953,20469,22837,1771,15117,23415,2439,14870,1892059
2015,NH,33,385217,97761,143555,386184,117385,137539,8146,632,4786,5925,584,4357,14241,1354,6325,15351,1680,6458,1337480
2015,NJ,34,1941574,475350,796220,1945773,632583,757674,397738,56298,202616,441257,89762,196260,289259,42837,125987,305974,50619,122531,8870312
2015,NM,35,503198,137319,224413,504612,161422,215313,20164,2540,11115,15762,2675,10097,78559,10255,47167,84524,14618,46318,2090071
2015,NV,32,680284,169307,283728,645199,180329,269997,88370,12210,49415,87838,15173,47092,97980,17913,41885,116788,25087,39936,2868531
2015,NY,36,4211513,1022055,1644792,4229070,1345634,1571318,1033992,157160,503787,1187945,259572,489212,618654,96203,248029,682319,117548,238518,19657321
2015,OH,39,2858566,723869,1193417,2878237,928719,1135214,430323,65975,264152,469785,98914,255533,98593,11504,44716,104547,14518,45733,11622315
2015,OK,40,894150,225110,388605,887397,279293,368490,98780,11883,61717,97122,16164,58656,144042,18419,94864,149700,23879,92247,3910518
2015,OR,41,1073765,284177,427621,1074611,337359,406775,34341,3263,20241,27927,3729,19051,91705,11081,44069,101276,14705,42846,4018542
2015,PA,42,3159386,859748,1221939,3159644,1115269,1166322,448250,61511,257986,478227,97983,246758,156630,19443,73934,169665,23162,73981,12789838
2015,RI,44,271833,67982,100879,280039,91174,96969,27726,2919,16056,27988,3924,15684,16240,1665,7963,17532,2015,8298,1056886
2015,SC,45,984900,283242,400648,998730,340337,382227,380945,65220,205489,439785,95825,200357,36368,4504,16485,38126,5861,16957,4896006
2015,SD,46,218527,57971,95349,209110,68585,89780,6697,292,4543,3792,300,4079,24394,2092,20718,25198,3122,20114,854663
2015,TN,47,1544848,397904,642171,1574902,495346,610862,327383,42663,182429,369853,64850,178403,49716,5651,24192,52896,6993,24292,6595354
2015,TX,48,6551816,1240927,3268165,6452663,1529951,3126971,1043653,119205,566263,1118208,172918,546383,538279,62901,251505,560539,75977,242207,27468531
2015,UT,49,783799,136689,470758,769941,158298,447993,15589,819,11438,10941,816,10347,48753,4242,29155,50347,5548,28153,2983626
2015,VA,51,1822662,424863,730745,1799830,522494,695492,507578,74995,248171,546819,109412,242136,194613,25055,87766,216582,32440,85650,8367303
2015,VT,50,179080,49164,68418,181611,58611,64269,3154,221,2188,2344,209,2026,4314,414,2027,4982,591,2187,625810
2015,WA,53,1813975,423887,724640,1763945,500724,689223,117590,10582,65472,96373,11521,62255,266010,33828,124716,293972,47952,120622,7167287
2015,WI,55,1534257,385150,617858,1502743,468548,589423,112963,11363,81159,118799,16051,76985,72346,6036,43381,74580,8051,43234,5762927
2015,WV,54,510717,147556,202508,514278,179375,192639,24884,3374,11893,19143,4339,10948,7026,1114,2435,7212,1432,2459,1843332
2015,WY,56,169114,39606,73097,158079,43425,68832,3457,297,1863,2178,302,1607,6947,696,4606,7031,923,4329,586389
2016,AK,02,177602,31477,64584,152809,29744,60159,12417,856,6651,8748,936,6400,53984,6631,34430,54161,8655,32331,742575
2016,AL,01,989862,275852,413984,996424,347923,395601,366175,60352,194340,429673,89171,190082,36205,4618,15823,38166,6089,16484,4866824
2016,AR,05,689704,193523,307566,689610,238705,291683,132967,20001,79253,148557,28234,77020,28889,3116,14947,29725,3977,14338,2991815
2016,AZ,04,1667041,496888,752087,1655928,574501,720492,119068,12906,68952,107465,15749,64922,201247,23668,110464,211824,33753,107812,6944767
2016,CA,06,8891944,1833439,3875938,8558717,2257636,3714919,866270,127350,407887,860614,174464,389623,2167820,393654,888853,2371198,522231,846629,39149186
2016,CO,08,1539038,317405,622974,1482446,375714,590423,94576,9723,49457,79251,11532,46420,97117,10722,47765,105885,14671,48725,5543844
2016,CT,09,862024,230088,339600,872331,298636,324624,129201,16660,68875,142325,25699,66108,63692,7152,28640,66716,8843,28616,3579830
2016,DC,11,116260,14768,25161,113139,16708,25623,93322,17918,42384,111908,30180,42390,12407,933,3358,16096,1568,3453,687576
2016,DE,10,192232,62295,74882,198044,75743,72938,62104,10096,34577,71093,14210,34079,14866,2108,6337,15514,2655,6216,949989
2016,FL,12,4620827,1640447,1711115,4662756,1968249,1628074,1029441,153132,559817,1114709,211573,541145,235038,39951,97284,266251,51998,95430,20627237
2016,GA,13,1902410,447373,827747,1882660,553800,787880,944363,123725,518290,1103187,188878,508727,159650,18378,76059,169806,22265,73244,10308442
2016,HI,15,133081,36516,25946,106995,33895,24742,17143,1247,6881,10301,839,6380,282431,73791,141139,294624,100149,132785,1428885
2016,IA,19,836380,222243,373700,823706,278709,356296,39814,2846,29998,32780,3423,28137,33875,2286,16875,32061,3070,17011,3133210
2016,ID,16,452372,116559,231339,445587,129844,221075,6171,381,4543,4128,293,4455,18993,2333,10967,20604,3061,11331,1684036
2016,IL,17,3006332,693264,1259021,2962436,885346,1200530,541194,86969,295933,614164,136252,287008,263332,40582,111209,279879,50111,108147,12821709
2016,IN,18,1683573,405294,747564,1681098,514694,711555,188576,25049,122628,204745,36765,117919,63193,5694,30276,62646,7118,29511,6637898
2016,KS,20,741803,183190,349237,730820,226715,331804,61748,7089,37927,54472,9662,36254,44122,4280,21938,45508,5506,20902,2912977
2016,KY,21,1161756,286708,497650,1174217,361272,472860,116110,15215,65324,114043,21789,62464,27898,2844,13694,29038,3761,13663,4440306
2016,LA,22,896613,222768,363526,885573,276821,346579,428223,67557,244589,480172,97780,238384,41553,5693,18813,41703,6852,18147,4681346
2016,MA,25,1689808,422132,635955,1743448,555662,614287,187216,22753,100519,198525,33156,96715,165350,19526,68945,180266,23796,69221,6827280
2016,MD,24,1088719,271477,435383,1083131,340171,415670,541522,84417,266469,626080,129628,258734,137985,22494,63063,153235,27965,60871,6007014
2016,ME,23,371798,115503,137938,383400,139180,130391,7383,529,5626,5490,509,5312,8199,1138,4207,9907,1567,4271,1332348
2016,MI,26,2374769,635869,964404,2359523,777500,917832,410192,67164,233552,455451,100418,224735,133967,16291,62442,137681,20439,61888,9954117
2016,MN,27,1424208,356981,582311,1399076,433687,557621,110610,7744,82249,104194,9846,78612,109386,9282,67245,114265,12363,65680,5525360
2016,MO,29,1501668,394943,637913,1505836,493590,606672,210174,30063,125025,232428,46973,120088,56489,6854,26754,60615,8646,26653,6091384
2016,MS,28,518324,144640,222734,512934,182187,211246,311005,48313,179246,360421,69705,175407,16186,1953,8062,17573,2577,8082,2990595
2016,MT,30,280283,84647,111723,272177,91787,105132,3200,174,2192,1878,179,1974,22903,2781,16817,24557,3669,16064,1042137
2016,NC,37,2153261,563062,886929,2166587,704503,845586,648023,105297,344330,744385,158896,337777,149893,16634,79331,157621,21419,78268,10161802
2016,ND,38,211059,48443,84968,190014,57898,80457,9521,246,5049,5866,156,4612,16045,1264,11511,16245,1784,10976,756114
2016,NE,31,498038,122662,231701,486852,151911,220385,31339,3087,21995,28440,4111,21058,24177,1899,15846,24668,2659,15655,1906483
2016,NH,33,384751,101570,141928,385666,121108,135888,8721,674,4923,6392,619,4500,14863,1512,6427,15881,1814,6457,1343694
2016,NJ,34,1928763,486469,788674,1931295,642041,750435,400389,58452,201176,441412,92856,194635,294520,45457,127975,311000,53841,124194,8873584
2016,NM,35,500501,142119,221923,501023,166645,212816,20530,2683,11143,15927,2808,10231,79202,10702,47236,85147,15395,46524,2092555
2016,NV,32,685740,175643,284637,649774,187211,270825,91978,13005,51763,92162,16144,49452,101060,19327,42631,120145,27263,40795,2919555
2016,NY,36,4177551,1046797,1627663,4187556,1368443,1553970,1037258,163451,497987,1185218,267632,483465,626831,102137,251759,692915,124542,241216,19636391
2016,OH,39,2843605,744182,1183720,2860285,948070,1125306,434824,68716,265117,472455,102432,256572,103320,12338,46677,109484,15568,47389,11640060
2016,OK,40,891652,230469,388609,884637,285100,368696,99576,12487,61931,97811,16905,58856,146189,19252,95874,151755,25053,93291,3928143
2016,OR,41,1087375,296089,429858,1086543,350154,408818,35898,3520,20794,29293,3917,19502,97108,12033,45418,106703,16054,44194,4093271
2016,PA,42,3136013,881740,1209546,3133960,1133881,1154787,453085,63964,258469,480340,101521,247212,161425,20810,76401,174663,24902,75749,12788468
2016,RI,44,270518,69661,99657,278090,92818,95834,28426,3129,16223,28620,4065,15856,16615,1751,8174,17847,2135,8397,1057816
2016,SC,45,992669,295597,403972,1007553,354202,385667,382809,68721,205539,441696,100572,200409,37816,4860,17223,39785,6383,17558,4963031
2016,SD,46,218641,60195,95647,208843,70408,90143,7386,317,4905,4311,318,4465,24979,2159,21252,25865,3246,20613,863693
2016,TN,47,1551375,409972,643689,1579761,508059,612424,330035,44988,182229,372592,68080,178755,51196,6070,24910,54452,7539,25151,6651277
2016,TX,48,6623320,1286842,3291445,6515148,1580866,3151300,1070414,126228,576484,1144148,182725,556535,561543,68422,260529,583994,83023,251098,27914064
2016,UT,49,798327,142975,476347,783428,164638,452901,16652,889,11826,11620,868,10809,51007,4483,29831,52793,5978,28869,3044241
2016,VA,51,1817846,438597,729905,1792732,537739,694945,510931,78671,248258,549031,114216,242705,200123,26916,89936,222306,34854,87940,8417651
2016,VT,50,177276,50979,67287,179547,60410,63431,3297,242,2199,2429,216,1996,4499,452,2093,5172,649,2192,624366
2016,WA,53,1833862,441379,730014,1778356,520162,693815,122658,11323,67169,99886,12269,63807,278933,36053,128478,305878,51324,124595,7299961
2016,WI,55,1527214,398735,612758,1495251,480303,584893,114226,11990,81339,119648,16825,77162,74876,6472,44045,76857,8535,44041,5775170
2016,WV,54,503599,151470,200428,506704,183083,190418,24810,3541,11783,19119,4428,10877,7111,1184,2484,7332,1524,2540,1832435
2016,WY,56,167063,41162,72698,156530,44889,68328,3424,328,1892,2155,309,1595,6978,742,4665,7182,990,4313,585243
2017,AK,02,174057,33292,63438,150332,31570,59162,12453,910,6694,8915,992,6480,54657,6870,34615,54811,9109,32626,740983
2017,AL,01,984661,282779,413086,993132,354927,394346,365712,63148,193258,430748,92857,189400,36799,4978,16082,38843,6577,16656,4877989
2017,AR,05,689250,197665,307033,689194,243017,290706,133350,20942,79004,148857,29430,77028,29727,3367,15569,30518,4294,14904,3003855
2017,AZ,04,1684073,517242,750705,1670615,598084,719628,123444,13889,70334,111804,16919,66587,206237,25073,111775,216752,36062,108865,7048088
2017,CA,06,8888969,1886551,3843869,8542325,2312828,3684104,875722,131736,404302,864309,180427,385711,2206873,414893,900908,2407080,550035,857143,39337785
2017,CO,08,1555581,332212,622091,1494393,391349,590212,96923,10315,50005,80804,12143,46799,100255,11410,48980,108818,15555,49576,5617421
2017,CT,09,855092,235608,333877,864612,303359,319720,131363,17317,68990,144427,26652,66394,64657,7637,29280,67806,9426,29107,3575324
2017,DC,11,118256,15268,26226,115399,17231,26740,92860,18051,42809,111496,30579,42906,12653,976,3644,16699,1652,3634,697079
2017,DE,10,191368,64761,74631,197149,78649,72755,63248,10567,34840,71901,15076,34215,15121,2286,6514,15664,2865,6332,957942
2017,FL,12,4675187,1694290,1725829,4713752,2030210,1643772,1049341,161559,565363,1134114,222893,547192,241999,43270,99588,274431,56481,97818,20977089
2017,GA,13,1904328,461502,825269,1884653,569969,787344,961179,131331,520736,1120740,199623,511536,165644,19861,78106,175559,24258,75393,10417031
2017,HI,15,131423,38381,25599,106152,35351,24356,17238,1341,6908,10426,899,6413,278606,75499,140541,292114,102722,131794,1425763
2017,IA,19,832194,228745,371993,819444,283994,354803,41615,2996,31254,34556,3582,29454,35192,2448,17435,33328,3270,17431,3143734
2017,ID,16,460739,122137,233952,453144,135617,223619,6556,435,4645,4446,336,4568,19507,2547,11197,21422,3319,11559,1719745
2017,IL,17,2979368,712369,1243115,2933440,902231,1185995,539839,89340,291305,610131,139997,282547,267833,42909,112476,284462,53235,109301,12779893
2017,IN,18,1677613,417546,744471,1675658,526977,708085,191328,26112,123822,207559,38105,119068,65735,6113,31232,64676,7660,30308,6662068
2017,KS,20,736988,188496,347246,726077,231988,329529,61734,7399,37765,54327,9911,35989,44417,4520,21851,46011,5816,20828,2910892
2017,KY,21,1157863,294915,496787,1169819,369719,471775,117759,15981,66091,115264,22609,63239,28776,3018,14089,29831,4032,14023,4455590
2017,LA,22,885283,229151,360847,877299,283060,344331,427433,70463,243343,479686,101786,236993,41514,6040,18965,41866,7298,18315,4673673
2017,MA,25,1685692,433648,629856,1737592,567079,608521,192469,23934,102177,202846,34833,98836,171448,20717,71013,186727,25452,70720,6863560
2017,MD,24,1080304,278143,434136,1074338,347100,413847,546124,88181,265841,629801,135772,258169,140493,23743,64470,155736,29851,62137,6028186
2017,ME,23,370208,119456,136684,381537,143355,129042,7716,582,5721,5742,533,5376,8330,1220,4267,10083,1672,4219,1335743
2017,MI,26,2366910,656389,956750,2348792,796379,910562,410421,69237,232605,455144,103701,223781,139235,17249,63412,142068,21693,62424,9976752
2017,MN,27,1421139,370340,580628,1395178,446538,556078,115464,8293,85976,108724,10527,82003,112462,9832,68629,117335,13124,67013,5569283
2017,MO,29,1498253,405339,635895,1501862,504555,604280,210860,31230,125122,232990,48618,120033,58398,7331,27573,62473,9331,27239,6111382
2017,MS,28,515549,147820,221335,509289,185427,209974,311559,50614,177444,360252,72570,173491,16341,2102,8238,17765,2717,8187,2990674
2017,MT,30,281183,88201,112084,273449,95105,105346,3317,198,2279,1998,204,2058,23256,2905,17039,24936,3905,16399,1053862
2017,NC,37,2161191,583174,888138,2176913,727124,846252,655539,110656,346206,751724,166351,339204,155757,17829,82456,163330,23129,80785,10275758
2017,ND,38,207775,50295,84584,188089,59290,80188,9858,280,5383,6411,191,4864,16533,1323,11692,16791,1855,11353,756755
2017,NE,31,497123,126392,232169,485508,155371,220652,31989,3248,22235,28870,4255,21249,25051,2054,16315,25491,2835,16191,1916998
2017,NH,33,384616,105449,140386,385264,125279,134416,9241,743,5050,6784,644,4602,15139,1662,6439,16118,2001,6562,1350395
2017,NJ,34,1916836,497087,782659,1918671,651124,744886,403635,60205,200114,443157,95450,193585,301388,48098,130588,317152,57218,126294,8888147
2017,NM,35,497009,146881,219030,496572,172643,209916,20802,2837,11234,16085,2911,10309,79725,11262,47310,85573,16128,46617,2092844
2017,NV,32,692087,181533,285121,654793,194266,271255,95751,13790,54272,96931,17249,51709,104323,20807,43553,123634,29420,41603,2972097
2017,NY,36,4137925,1072348,1609955,4146410,1391564,1537099,1038302,169346,491457,1179718,275306,477114,631092,108184,254434,699260,131433,242902,19593849
2017,OH,39,2828170,765677,1176034,2843987,967988,1117642,438806,71197,266937,475594,105720,258449,107753,13212,48845,113827,16561,49307,11665706
2017,OK,40,886725,235823,386469,879377,290765,366729,100301,13078,61961,98010,17695,58878,147896,20031,96406,153539,26151,93768,3933602
2017,OR,41,1095747,307956,430353,1093087,362831,408920,37207,3778,21154,30345,4127,19825,100742,12934,45938,110156,17266,44928,4147294
2017,PA,42,3111180,905607,1199072,3108895,1153994,1144824,457500,65980,259785,483936,104519,248746,166131,22231,78686,179196,26627,77770,12794679
2017,RI,44,268677,71482,97995,275978,94442,94682,29089,3307,16309,29032,4299,15949,16623,1848,8340,17910,2229,8363,1056554
2017,SC,45,999957,307960,407415,1016019,368074,388859,383764,71949,205260,443636,105019,200420,39126,5274,18023,41374,6837,18136,5027102
2017,SD,46,219192,62409,96275,209002,72360,90721,7981,360,5290,4848,333,4750,25484,2243,21607,26460,3364,21053,873732
2017,TN,47,1560477,421328,645861,1586629,520583,614352,333902,47229,182468,375703,71312,178942,53087,6522,25868,56361,8167,25957,6714748
2017,TX,48,6676489,1333248,3303643,6561407,1632781,3163254,1095937,133114,585481,1168391,192308,565408,582223,74324,268539,605806,90170,258501,28291024
2017,UT,49,813439,149351,480352,797125,171431,456149,17770,978,12154,12408,925,11283,53473,4811,30650,55153,6379,29709,3103540
2017,VA,51,1813907,452750,728928,1788016,552465,693493,515277,82189,248966,551625,118980,243078,205926,28712,91825,227795,37451,89628,8471011
2017,VT,50,175874,52831,66515,178205,62346,62579,3467,278,2226,2554,226,1963,4793,479,2231,5493,751,2321,625132
2017,WA,53,1850360,458664,732803,1791289,539128,696819,128122,12097,68911,103781,13011,65460,293433,38391,132617,319288,54721,129056,7427951
2017,WI,55,1520493,413410,608282,1489021,493147,580989,115810,12492,81903,120729,17444,77566,76973,6880,44920,78985,9092,45011,5793147
2017,WV,54,496131,155218,197941,498443,186497,187848,24678,3747,11706,18992,4578,10819,7046,1262,2456,7232,1614,2475,1818683
2017,WY,56,163476,42942,71325,153941,46482,66967,3352,347,1931,2133,338,1608,7104,782,4620,7236,1065,4345,579994
2018,AK,02,170632,34982,62250,147686,33300,58126,12422,1005,6673,8918,1046,6452,54724,7186,34430,54824,9564,32404,736624
2018,AL,01,981139,289455,412258,990621,362101,393693,365020,66056,192653,430907,96959,188879,37212,5394,16258,39320,7015,16688,4891628
2018,AR,05,687599,201772,305985,687974,247787,289715,133128,22030,78930,149264,30762,76802,30123,3628,15895,30805,4621,15341,3012161
2018,AZ,04,1706558,538229,750590,1688547,622735,719962,128152,14952,71998,116628,18087,68615,210089,26652,112949,221182,38398,109905,7164228
2018,CA,06,8863445,1939334,3805993,8506465,2369248,3647111,883650,136255,400462,866589,186553,381527,2234443,436144,908096,2430818,578322,863008,39437463
2018,CO,08,1571991,347659,621069,1507516,408390,590302,99938,10855,50586,83024,12735,47797,103569,12127,50381,112141,16520,50555,5697155
2018,CT,09,847552,241929,329057,857207,309148,315369,133555,18100,69016,146835,27698,66703,66028,8118,29846,68940,10016,29444,3574561
2018,DC,11,119768,15861,26938,117225,17884,27522,92676,18390,43008,110724,31038,42940,12902,1020,3763,16950,1778,3760,704147
2018,DE,10,190463,67473,74291,196384,81716,72345,64348,11081,35078,72976,15905,34571,15667,2415,6743,15903,3057,6569,966985
2018,FL,12,4711750,1743786,1735041,4746395,2088677,1653858,1066290,170163,568927,1149297,234468,551005,247132,46714,101461,279525,61037,99400,21254926
2018,GA,13,1905334,476550,823082,1886321,586725,785033,976903,138968,522864,1137152,210890,513654,170348,21569,79998,180484,26389,77125,10519389
2018,HI,15,130101,40218,25149,105274,36909,24018,17313,1411,6838,10551,956,6460,275289,77335,139728,289417,105315,130820,1423102
2018,IA,19,827677,235275,369506,815133,289721,352687,43263,3147,31991,35962,3750,30218,36051,2590,17800,34071,3495,17563,3149900
2018,ID,16,468577,128104,235384,460443,141782,224726,6929,487,4700,4691,371,4635,20005,2781,11381,21926,3563,11589,1752074
2018,IL,17,2946677,731720,1226021,2899673,920002,1170270,538276,91911,287874,606366,143942,278974,271057,45383,113176,287190,56351,109822,12724685
2018,IN,18,1673850,430212,742156,1670789,539943,705569,195274,27182,125650,211057,39647,120505,69350,6563,32894,67983,8176,31681,6698481
2018,KS,20,732905,194064,344916,722116,237611,326907,62008,7728,37738,54526,10185,36091,45147,4773,22148,46831,6187,20867,2912748
2018,KY,21,1152194,302909,495493,1165066,378464,470181,118528,16733,66366,115738,23705,63592,29013,3260,14432,30094,4286,14219,4464273
2018,LA,22,874409,235618,358410,868570,289706,341761,426239,73418,241557,478417,105936,235378,41412,6460,19064,41890,7706,18499,4664450
2018,MA,25,1677775,445657,623256,1729347,579709,601999,196359,25178,103707,206409,36655,100652,175155,22071,72143,191075,27148,71425,6885720
2018,MD,24,1070480,285456,432482,1064458,354880,412857,549669,92169,264726,631545,142305,257529,141512,25037,65562,156808,31662,63016,6042153
2018,ME,23,368472,123922,135184,379455,148154,128008,8117,638,5817,5984,568,5534,8485,1294,4274,10241,1791,4185,1340123
2018,MI,26,2356688,676518,947236,2335750,816457,901849,410369,71289,231820,454430,107083,223022,142567,18219,63783,144813,22872,62521,9987286
2018,MN,27,1417007,384173,578035,1390181,460043,553282,120224,8971,89279,113056,11299,85276,115231,10443,70076,120279,13811,68096,5608762
2018,MO,29,1493054,415970,633266,1496169,516098,601801,211470,32346,125255,233273,50209,120009,59712,7724,28183,63723,9951,27773,6125986
2018,MS,28,511055,150632,218995,504460,188412,207817,310990,53037,175106,359173,75614,171342,16467,2229,8363,17985,2911,8291,2982879
2018,MT,30,281240,91866,111932,273499,98733,105072,3401,211,2282,2078,208,2081,23354,3066,17045,25093,4096,16561,1061818
2018,NC,37,2171361,604170,889472,2187966,750784,847992,662680,116341,347762,759204,174249,340406,159804,19105,84642,167841,24841,82738,10391358
2018,ND,38,205847,52034,84935,186925,60767,80420,10305,304,5742,6884,225,5270,16662,1366,11916,16975,1945,11540,760062
2018,NE,31,495379,130185,231715,483882,158882,220264,32650,3372,22679,29536,4394,21627,25848,2158,16951,26243,3018,16729,1925512
2018,NH,33,383974,109470,138679,383795,129429,132677,9789,803,5196,7183,724,4670,15449,1786,6430,16220,2208,6582,1355064
2018,NJ,34,1903082,509128,776758,1903347,661510,739851,406364,62091,199361,444276,98120,192733,304562,50881,131969,319737,60451,127509,8891730
2018,NM,35,493993,151604,215564,492642,178680,206478,21142,3027,11373,16341,3076,10398,80107,11814,47712,85937,17025,46841,2093754
2018,NV,32,701363,188145,285861,662217,201716,272434,99585,14637,56501,101243,18248,54021,107359,22366,44448,126540,31633,42408,3030725
2018,NY,36,4097437,1098414,1593540,4105238,1415428,1522078,1038198,175016,485437,1172868,283108,471024,632274,114363,255875,701872,138398,243530,19544098
2018,OH,39,2811471,786592,1165476,2825757,988381,1108597,443267,73659,268491,478813,109116,260227,111189,14098,50426,116942,17620,50770,11680892
2018,OK,40,882915,241398,384355,875212,297121,364938,101043,13726,61948,98478,18406,58826,149693,20872,97363,155458,27312,94424,3943488
2018,OR,41,1098490,319873,428104,1094131,376217,407007,38680,3978,21441,31405,4333,20020,103687,13643,46255,112533,18450,45291,4183538
2018,PA,42,3088179,930347,1189721,3083524,1176462,1135642,463184,68407,261224,487584,107576,250654,170700,23716,81133,183285,28440,79329,12809107
2018,RI,44,267456,73474,96900,274222,96334,93578,29953,3522,16581,29789,4565,16322,17030,1964,8553,18230,2359,8506,1059338
2018,SC,45,1007389,320169,409998,1024799,382695,391208,385411,75121,205001,445285,109673,200816,40322,5716,18907,43066,7413,18713,5091702
2018,SD,46,218546,64978,96276,208696,74503,91179,8226,399,5417,5025,353,4845,25677,2346,21684,26609,3492,21135,879386
2018,TN,47,1568529,433077,647637,1593706,534284,616526,337242,49575,182225,378506,74737,178883,55288,7025,26712,58600,8844,26784,6778180
2018,TX,48,6722643,1381346,3306879,6601827,1687714,3168376,1117867,140561,593265,1190886,202638,573282,597887,80246,274544,622784,97236,264583,28624564
2018,UT,49,827293,156035,481658,809346,178682,458174,18714,1065,12367,12999,982,11715,55517,5206,31139,57153,6804,30304,3155153
2018,VA,51,1806855,466827,727427,1780277,568158,692030,517916,86067,249689,553490,124182,243258,209351,30537,93179,231166,40040,90471,8510920
2018,VT,50,174359,54684,65686,176548,64381,61926,3658,293,2220,2619,253,1953,4808,516,2225,5612,821,2240,624802
2018,WA,53,1857866,476094,731733,1795506,558940,696180,133430,12951,70292,107556,13883,66929,306668,40858,136122,331237,58330,132218,7526793
2018,WI,55,1515187,427656,604170,1483046,506209,576765,117202,12997,82372,121710,18228,77805,78234,7312,45455,80000,9615,45356,5809319
2018,WV,54,488907,158580,195609,490867,190021,185471,24531,3932,11721,18912,4731,10795,6880,1309,2465,7063,1694,2465,1805953
2018,WY,56,161369,44942,70418,152385,48333,66173,3347,371,1879,2202,369,1598,7289,837,4672,7332,1142,4396,579054
2019,AK,02,168085,36789,61215,145445,34954,56939,12401,1080,6529,8885,1126,6309,55026,7600,34088,54890,10004,32238,733603
2019,AL,01,978265,297107,411092,988858,370796,392593,364764,68953,191932,430007,101361,188250,37600,5757,16362,39856,7546,16866,4907965
2019,AR,05,685958,206327,304631,686483,253228,288463,133175,23228,78726,149314,32285,76477,30804,3907,16153,31285,5005,15536,3020985
2019,AZ,04,1729011,560849,751611,1709537,649788,719942,133508,16117,73697,121549,19380,70320,215117,28603,114289,226416,41051,111058,7291843
2019,CA,06,8808698,1993190,3756282,8445774,2426587,3601847,888626,141469,396252,866603,192948,377862,2253497,458165,912346,2443582,607041,866841,39437610
2019,CO,08,1586216,362611,617771,1516230,425415,586906,102470,11408,50877,84679,13421,47870,105730,12965,50828,114353,17705,51031,5758486
2019,CT,09,837321,248528,323150,846609,315555,309884,136152,18928,69244,149103,28663,67163,67048,8515,30146,69854,10516,29643,3566022
2019,DC,11,120884,16240,27904,118695,18469,28360,91520,18772,42496,109703,31709,42449,12999,1045,4000,17270,1897,3841,708253
2019,DE,10,189591,70205,73997,195669,84831,71948,65412,11772,35449,74214,16835,34756,16235,2559,6877,16360,3253,6705,976668
2019,FL,12,4734847,1797798,1735719,4765357,2153575,1655577,1080606,179610,570794,1161763,247250,552433,251790,50135,103683,284124,65728,101267,21492056
2019,GA,13,1908316,491967,819716,1888370,605296,782238,992636,147181,525100,1154117,222951,516061,175708,23232,81829,185895,28568,78839,10628020
2019,HI,15,128415,41905,24582,103780,38165,23579,17313,1494,6735,10605,1020,6378,271592,78761,138399,285690,107669,129533,1415615
2019,IA,19,824019,242157,367343,810595,296226,350676,45017,3352,32788,37458,3954,30838,37224,2771,18289,35153,3752,17984,3159596
2019,ID,16,477712,134442,237032,468770,148747,226195,7335,517,4874,4932,412,4718,20677,3004,11472,22621,3847,11753,1789060
2019,IL,17,2913479,752112,1207973,2865679,939321,1153604,536956,95006,284228,602579,148616,275163,272673,47659,113811,288246,59548,110364,12667017
2019,IN,18,1669626,444039,738522,1666037,554164,702576,199039,28377,126787,214017,41475,121421,71910,7051,34088,70317,8807,32757,6731010
2019,KS,20,727692,200261,341821,717640,244249,324363,62138,8128,37764,54586,10547,36062,45304,5109,22338,47127,6622,20884,2912635
2019,KY,21,1145846,311772,493213,1158469,388033,467564,120042,17613,66778,116450,24848,63874,29736,3539,14770,30747,4536,14515,4472345
2019,LA,22,864973,242673,355681,859591,297010,339273,424991,76803,239637,476909,110591,233649,41528,6842,19188,42124,8181,18641,4658285
2019,MA,25,1666467,458087,614132,1715495,592558,593674,200240,26468,104707,209553,38417,101798,179528,23370,73504,195633,28864,72388,6894883
2019,MD,24,1059882,292910,430709,1053551,362733,411324,553306,96073,264019,633496,148712,257336,142681,26426,66468,158207,33397,63724,6054954
2019,ME,23,367051,128104,134233,377602,152537,127136,8609,665,6005,6409,593,5786,8685,1397,4347,10483,1905,4223,1345770
2019,MI,26,2342236,697418,936995,2318242,838113,891870,410111,73713,230695,453353,110629,222152,143721,19183,63980,145854,24135,62395,9984795
2019,MN,27,1410204,397818,575156,1382524,473781,550910,125186,9785,91779,117517,12130,87756,117611,11126,70725,122683,14672,68690,5640053
2019,MO,29,1486222,428114,629754,1490115,528913,599086,210952,33724,125308,233211,52101,120041,61338,8215,29002,65282,10617,28480,6140475
2019,MS,28,506838,154049,216940,500800,192366,205930,309875,55507,172955,357464,79038,169417,16591,2421,8464,18164,3117,8291,2978227
2019,MT,30,281633,95270,111746,273132,102523,104902,3522,227,2353,2186,245,2104,23585,3220,17081,25398,4375,16621,1070123
2019,NC,37,2182271,624900,888756,2197572,775374,847189,669073,122076,348859,765533,182652,341604,164507,20507,86680,172857,26755,84219,10501384
2019,ND,38,204771,53694,85475,185869,62287,80870,10541,325,5960,7213,241,5524,16778,1435,12067,17067,2046,11561,763724
2019,NE,31,493672,134412,231151,481777,163123,219595,33379,3573,22862,29846,4627,21876,26318,2311,17292,26637,3209,16911,1932571
2019,NH,33,382765,113612,136914,382743,133972,131334,10350,852,5326,7642,759,4827,15757,1914,6479,16472,2405,6660,1360783
2019,NJ,34,1887195,521366,769604,1886008,672694,733319,409449,64152,199342,445591,101032,192384,307731,53345,133376,322598,63594,128478,8891258
2019,NM,35,492584,156443,212833,490125,184437,204246,21768,3196,11612,16736,3236,10703,80700,12505,47339,86620,17974,46577,2099634
2019,NV,32,710208,195127,286277,669868,209647,272954,103248,15479,58334,105437,19463,55780,111261,23824,45747,130423,34142,43552,3090771
2019,NY,36,4049439,1123678,1572093,4056808,1439226,1502538,1034692,180812,480362,1163038,290846,466423,632048,120714,257228,703198,145839,244149,19463131
2019,OH,39,2794188,809114,1155535,2804975,1011613,1099575,447337,76549,269278,481190,112974,261101,114724,14953,52195,120050,18799,52357,11696507
2019,OK,40,881039,247813,382934,873072,304200,364100,102117,14444,62336,99149,19279,58989,151718,21800,97315,157456,28663,94252,3960676
2019,OR,41,1100440,331537,425404,1094795,389855,404290,40117,4233,21566,32395,4558,20172,105619,14552,46642,114578,19659,45704,4216116
2019,PA,42,3059545,955435,1176731,3052178,1200919,1124055,466045,71197,261393,489871,111174,250916,174279,25114,82655,186485,30332,80559,12798883
2019,RI,44,265394,75512,95456,271680,98491,92139,30476,3764,16723,30351,4819,16443,16997,2050,8589,18250,2521,8503,1058158
2019,SC,45,1015073,332721,412332,1033642,398130,393457,386410,78484,205164,446666,114808,200797,41952,6168,19694,44890,8063,19251,5157702
2019,SD,46,218554,67659,96560,208396,77133,91602,8578,431,5622,5346,385,5019,25970,2510,21690,26936,3676,21060,887127
2019,TN,47,1573560,446667,647191,1599161,549235,616023,338646,52377,182072,380231,78597,178731,56510,7482,27391,59731,9523,27197,6830325
2019,TX,48,6780840,1431027,3310581,6651306,1742859,3173082,1140904,148367,600217,1213759,213546,581586,614882,86202,281871,639958,104512,271295,28986794
2019,UT,49,840570,163352,481596,821255,186414,458211,19647,1160,12655,13717,1049,12089,57049,5638,31871,58761,7347,31002,3203383
2019,VA,51,1802502,480881,725070,1773493,583706,690061,520653,90163,250391,554724,129750,243904,213907,32444,94773,235445,42735,92040,8556642
2019,VT,50,172807,56479,64975,174808,66072,61052,3815,349,2239,2789,273,1941,4840,554,2250,5636,898,2269,624046
2019,WA,53,1863959,493126,729530,1796532,578652,694905,138445,13851,71524,111027,14734,68068,318565,43515,138963,341399,61942,135287,7614024
2019,WI,55,1508034,443093,599449,1475221,520920,572520,118413,13644,82107,122427,19185,77653,80029,7896,46184,81672,10218,45916,5824581
2019,WV,54,482492,161999,193371,484028,193351,182870,24574,4171,11667,18891,4908,10684,6963,1394,2529,7097,1801,2473,1795263
2019,WY,56,160545,46890,69805,151615,50112,65600,3318,395,1907,2215,390,1640,7264,920,4666,7261,1210,4363,580116
2020,AK,02,165634,38346,60558,143122,36607,56337,12345,1144,6478,8710,1196,6205,55205,8047,33780,54998,10536,31910,731158
2020,AL,01,976392,303856,408874,986743,378827,390797,364280,71875,191186,430000,105509,187261,37865,6089,16549,40347,8088,16994,4921532
2020,AR,05,685032,210572,303187,685940,258120,287224,132955,24247,78213,149260,33717,76134,31968,4193,16489,32004,5457,15810,3030522
2020,AZ,04,1754160,584060,750576,1733148,676937,719048,138670,17438,75168,126470,20927,71950,219906,30654,115294,231333,43959,111703,7421401
2020,CA,06,8745135,2039071,3699642,8374628,2474258,3548481,892149,146735,393436,864872,199332,374926,2267528,480472,913321,2449794,636298,868000,39368078
2020,CO,08,1595468,376384,612614,1522660,441304,582479,104853,12039,51072,86390,14116,47958,108082,13738,51637,116634,18806,51485,5807719
2020,CT,09,828275,254618,316962,836051,321694,304456,138594,19861,69603,151230,29779,67620,67877,8929,30201,70533,11115,29608,3557006
2020,DC,11,122093,16504,28878,120133,18804,29433,90912,19160,41985,108837,32309,41965,13175,1101,4124,17470,1955,3978,712816
2020,DE,10,188992,73115,73787,195375,87990,71709,66571,12506,35761,75441,17760,34921,16349,2746,6913,16631,3477,6765,986809
2020,FL,12,4764093,1848173,1738274,4790579,2215962,1658930,1094527,189549,570446,1173462,260198,552003,255792,53585,105741,288337,70627,103034,21733312
2020,GA,13,1908266,506460,812835,1888493,621962,776547,1005701,155221,525138,1169048,234983,516166,179857,25141,82930,190302,30900,80067,10710017
2020,HI,15,126681,43476,24032,102348,39470,23104,17242,1556,6600,10451,1039,6352,268026,79876,136877,282185,109663,128028,1407006
2020,IA,19,819278,249151,364785,805375,302258,348461,46425,3561,32965,38478,4179,31011,37914,2955,18661,35957,4032,18115,3163561
2020,ID,16,487016,141116,238206,477501,156353,227003,7720,596,4996,5294,461,4902,21391,3261,11822,23183,4207,11885,1826913
2020,IL,17,2876286,769647,1187803,2827110,955951,1134490,535915,97947,280298,598935,153248,271172,273638,49868,113904,288371,62573,110374,12587530
2020,IN,18,1664926,457634,733488,1659998,567755,697974,202562,29680,127066,216731,43225,121896,73988,7584,35031,72318,9407,33690,6754953
2020,KS,20,724423,206417,338263,713911,249772,321611,62583,8532,37750,54666,11015,35949,45624,5481,22467,47300,7099,20942,2913805
2020,KY,21,1139435,320206,489800,1151470,397298,464804,121144,18613,66872,117046,26078,64223,30363,3774,15138,31427,4866,14694,4477251
2020,LA,22,854253,249082,352741,850542,303613,336062,423377,80077,236558,475177,115104,230852,41629,7190,19253,42477,8684,18647,4645318
2020,MA,25,1653475,470227,605471,1700492,605020,584919,203406,27708,104741,211310,40148,102049,183071,24552,74381,198973,30747,72884,6893574
2020,MD,24,1048833,299702,427580,1041650,369919,408084,555586,99899,262755,634235,154734,256151,143516,27835,66868,159095,35263,64097,6055802
2020,ME,23,365588,132100,133139,376046,156733,126006,9003,750,6030,6680,637,5794,8790,1507,4394,10748,2049,4147,1350141
2020,MI,26,2323202,717407,925601,2297873,859086,881220,408014,76090,229181,451901,114296,220500,144229,20162,63927,146304,25400,62162,9966555
2020,MN,27,1400558,410913,571670,1371779,486911,547817,129321,10579,92976,121300,13013,88871,119784,11826,70967,124682,15599,68776,5657342
2020,MO,29,1480260,439559,626484,1484267,540949,595768,210214,35292,125024,232923,53847,119470,62689,8713,29488,66339,11354,28908,6151548
2020,MS,28,500453,157479,214165,496319,196099,203487,307490,57984,170535,355703,82468,167103,16698,2567,8444,18177,3358,8257,2966786
2020,MT,30,282863,98524,111950,273334,106254,105194,3681,248,2429,2259,282,2147,23898,3441,17067,25766,4643,16597,1080577
2020,NC,37,2190659,645587,886064,2208022,799507,845722,674242,127708,348655,771025,191004,341227,169776,21942,87949,177626,28794,85314,10600823
2020,ND,38,203295,55137,85779,184382,63664,81367,10756,373,6041,7421,260,5644,16865,1529,12040,17032,2178,11546,765309
2020,NE,31,491946,138280,230237,479681,166631,218617,34079,3778,22979,30363,4882,22048,26660,2449,17405,27025,3417,17075,1937552
2020,NH,33,382244,118042,135153,381070,138745,129766,10749,910,5369,7942,822,4904,15944,2029,6554,16780,2581,6671,1366275
2020,NJ,34,1869920,533100,761768,1865818,683574,726239,412874,66154,199555,446567,104222,192544,309931,56015,133732,324613,66963,128782,8882371
2020,NM,35,491851,161102,210458,488505,189747,201897,22142,3433,11720,17027,3399,10856,81618,13257,46878,87324,18973,46132,2106319
2020,NV,32,715920,202180,285417,674287,217654,272248,106768,16449,59268,108894,20727,56706,114265,25651,46722,133823,36655,44625,3138259
2020,NY,36,3991792,1145286,1546790,3998063,1458588,1479450,1029465,186455,477074,1150454,298085,463064,629329,127425,256881,701437,153730,243408,19336776
2020,OH,39,2773651,831307,1143686,2781589,1034241,1088707,449552,79671,268639,483155,116733,260568,117141,15691,53323,122036,19995,53532,11693217
2020,OK,40,880191,254122,382255,872796,310834,363486,103584,15175,62914,100176,20175,59497,153428,22796,96716,158949,30057,93632,3980783
2020,OR,41,1101500,341559,421948,1094299,402199,400970,41303,4548,21728,33308,4795,20308,107562,15540,46773,116462,20886,45819,4241507
2020,PA,42,3031366,978469,1164472,3021595,1221915,1112760,470238,73927,260137,491613,114587,250031,177772,26535,84126,189777,32254,81680,12783254
2020,RI,44,263126,77773,94133,269113,100788,90839,31261,3982,16667,30803,5056,16442,16948,2206,8596,18215,2672,8505,1057125
2020,SC,45,1021970,345392,412988,1042747,413817,394493,385897,81978,204866,448477,119843,200448,43401,6626,20294,46466,8719,19618,5218040
2020,SD,46,218093,70351,96663,207581,79380,91917,8839,481,5830,5574,433,5208,26179,2692,21531,27312,3840,20813,892717
2020,TN,47,1581092,460110,646466,1607205,564729,615583,339603,55061,181949,381675,82429,178520,57899,7970,27870,60965,10244,27464,6886834
2020,TX,48,6843381,1483798,3308147,6705175,1802253,3172125,1166152,157476,607547,1238430,225802,588737,633271,92448,288831,657702,111906,277578,29360759
2020,UT,49,854560,170856,480028,833122,194295,456922,20527,1271,12964,14306,1167,12424,58713,6125,32696,60334,7879,31690,3249879
2020,VA,51,1797370,493338,721407,1766522,598042,686987,522646,94359,250327,555330,135088,243745,217436,34603,96045,238971,45614,92733,8590563
2020,VT,50,171230,58405,64050,173001,67914,60364,3928,390,2267,2870,304,1919,4837,608,2277,5738,973,2272,623347
2020,WA,53,1868833,508516,727106,1796552,596661,692637,143494,14890,72447,114728,15640,68926,330557,46345,141410,351679,65822,137369,7693612
2020,WI,55,1499714,458520,593864,1466073,535524,567393,119622,14377,81368,123030,20144,76734,81489,8439,46323,83016,10931,46094,5832655
2020,WV,54,476984,164531,190753,477643,196170,180431,24843,4376,11736,18989,5099,10739,7007,1493,2553,7124,1900,2416,1784787
2020,WY,56,160146,48717,69360,150960,51908,65370,3298,434,1938,2226,427,1648,7333,987,4678,7213,1303,4382,582328
